[/home/pd0rk1n/.local/share/aurorae/themes/Dracula/alldesktops.svg]
11204696185373788865=94.55393188191113,5.007665103088584,20.16900048377127,20.169000390677184
12436663468574461367=2.8801789019794564,4.894750834400156,20.168536110754946,20.168536549698047
12873659310750100514=48.091533813755746,4.894721933143273,20.16853796305425,20.16853661062987
5600180262293774005=72.86484766693607,5.007665324272011,20.169000351061726,20.169000169493756
8253388105804031007=25.611497610012748,4.894690524702128,20.168536503249747,20.16853724556927
Invalidelements=596993981,1127833683,2774248886,789487092,3052588800,572531827,4107703612,2942223831,63907516,4244535065,1806783564,3449303031,76391119,1103785832,1536119357,3542283013,1733876984,3338043267,579694596,162252512,2253120990,2322881518,2414053521,2478133820,3604873089,2559084946,2203175727,814200220,1749470315,2497369154,1534113579,3047786578,4031390128,459943917,2793574730,2749007530,1424602103,615625943,1745358914,94019889,4162794644,199800499,1394952914,890616633,2310647372,2451875304,1058960810,972510191,1410611145,3275331800,1311159058,2787826922,178554422,1081082184,1725863878,3515381996,2779024156,4005933939,3838347865,4106086805,2915000630,3498591343,478834056,1569609170,2462446471,2532460036,3281746346,3431301047,355812768,529997999,1915430690,4072664373,4177020227,1666679387,398887555,2905745170,3598215630,4187718959,2466318454,2735124495,2548705448,2558007096,3412393266,1648978896,948652396,2861319035,2116714731,1715825913,3996119574,268026941,2730268002,223333001,3089307436,216722466,2656691803,3935877854,766131945,1999587324,2389063961,1219568005,3652029721,2818354066,1163338291,1264507488,1287333567,3410950128,2708912185,47348565,100681534
LastModified=1785380237
NaturalSize=119,29

[/home/pd0rk1n/.local/share/aurorae/themes/Dracula/close.svg]
3671111007887690728=25.633525050109046,4.923061182069887,20.168999998035158,20.1690008887565
5910562331270196573=48.091537197848,4.894723039061091,20.1685312612245,20.168534354557323
7668185422380687780=93.5641686775952,4.818987393799034,20.16899986445999,20.168999800780966
8827796678158632571=71.3192101770166,4.818986287881444,20.169000085642594,20.169000906698557
9329676106667777001=3.949410330392828,5.175449711836109,20.16899995974854,20.16899969523638
Invalidelements=208679537,2568735367,1659099139,968935406,3507327472,2593993735,4160022101,3600007401,891338720,1930940336,1834866432,4094703747,3548176149,841160628,11031170,470812489,3051362652,575362887,859115937,430165167,4127095416,1904688723,4098196196,2777898405,3222432569,3584531541,430605705,1327475439,381922701,1519224796,850900845,1154860839,1809884274,538582893,2452678946,3104126614,3352741498,1560887486,2873598852,3282886624,2412959110,1900367179,3176351822,916982602,1500769733,1955824087,1587453152,3542025980,4213697463,849582547,1725111271,3923719244,3233182088,33247663,1057363513,622551464,1493643251,769842192,3783478893,1360554103,380180339,2833970765,3950154166,2678994240,482481475,1274683812,900952615,2556517029,3422508950,2168068979,1725594265,3905615743,3677747049,2117597002,1645782264,3848760040,1544185278,2372178915,1309806836,630137948,303593877,3841191010,558463835,2223743802,3460560597,1768186884,659068545,1991430048,2545439329,456717023,4032514299,4167037596,1068929019,2055355688,889120114,1207075146,2078105263,4293014222,22718373,1188345996,2624225252,3567265604,2851198233,4136287511,293537508,1745646442,507517262,3100254893,3210257122,2644697641,1320484295,2336382046,1146316789,644486063,149200746,2671981612,3087122914,130044910,465929294
LastModified=1785380237
NaturalSize=119,29

[/home/pd0rk1n/.local/share/aurorae/themes/Dracula/decoration.svg]
11244409029840057787=66.999995,0,17.000005,17
11690939412921146027=17,17,50,50
12727797722140881414=16.999975,0,50.000025,17
1445909471516989493=16.999975,67,50.000025,17
300469867164144965=0,0,17.000005,17
3269945297952541807=0,16.999925,17.000014999999998,50.000074999999995
3651736009860585880=0,67,17.000005,17
7022538901569350347=66.999995,67,17.000005,17
7540520882303781645=66.999995,16.999935,17.000005,50.000065
Invalidelements=788662220,2319725865,2834649211,3810423444,594174239,3969966847,714703727,3577743041,2293354858,1950856017,3566388920,2948505209,3545549981,4079949671,4203844627,2678156333,3063452249,2404884098,1040861892,1797687348,3767176230,3755745932,603440433,3447309972,891209496,2446840301,1975612406,2971906640,214089791,421667810,2390035834,2230264990,2682156336,4249541946,3289803711
LastModified=1785380237
NaturalSize=84,84

[/home/pd0rk1n/.local/share/aurorae/themes/Dracula/maximize.svg]
13932324948062071924=73.860221980795,4.435480096399942,20.16899999117851,20.169000537321836
15643049808197239721=95.254758989875,4.435502629864914,20.169000035414996,20.16900031613841
17062109988433902958=26.540978276815,4.435476621974203,20.16899959305,20.169000171903917
17674464181284251017=50.96366284111575,4.435476692513248,20.16900067684425,20.16900010086374
17836244070794750486=3.03258638787248,4.435478023755195,20.168999304602718,20.168998770029702
Invalidelements=1892710003,755338072,1400135797,3291188737,2168549435,3361644748,2656060219,3136137609,1414168021,1404590018,41224951,1669055967,3391646763,321165554,2031123359,3705010532,2537551011,1941507389,1902972907,1151231397,2017865947,2704720240,695577276,619928836,521099984,3211638188,1167316662,2708371638,3885936640,1024915244,999186542,514749926,3502001960,2492901887,360845694,202121999,2645130360,1533021980,3953542745,2453353641,2077492205,1979838341,4022732828,1360002708,1433057831,3589022210,2381749098,4247832872,1425669579,664789135,739290646,2610297497,265737884,3406594845,4140061368,1653629418,1203220573,562808626,2697159949,3627139940,2889322431,4164391571,4168021553,1677949037,3595654041,926478105,1133845037,4000554186,1331699088,325032273,3838622081,3895106591,4050414931,537466704,3203029887,3020529170,990827334,2343842567,4195686458,1912078236,2736822402,3783580527,2537774507,2383357533,1539319453,883138395,2015262960,2973955791,2520142956,2750468546,506272764,3237845920,3515305520,2508475752,521638818,3565016364,3538158945,1775839295,89853084,1288473341,694149619,3317296084,295068042,571929002,1613637031,4030597016,2315196854,502526634,1535333873,1378845926,744753404,3508804528,3087133356,2271284815,3990890089,1938507515,2663584170,3117905105,810013689
LastModified=1785380237
NaturalSize=119,29

[/home/pd0rk1n/.local/share/aurorae/themes/Dracula/minimize.svg]
12339626133576861866=97.62170019689316,5.9192801979540945,20.169000616480844,20.169000404612007
16455087501967363303=5.479396757625075,5.47763109943503,20.169000674632425,20.168999631756833
5891078457913864230=51.314274830902406,5.9009230390611265,20.168536245918105,20.168534354557323
7006066160570629360=74.26371319144788,5.919280253701345,20.16900010444313,20.169000338256865
7219371440034532044=27.744330732616,5.641679677194361,20.1685298456565,20.168532557272783
Invalidelements=1285889900,3232084539,713581968,3674364419,2758388613,580805440,497471450,962682927,1468720355,3049350676,2763093967,3983590399,4004583853,2749287214,4183947789,1909625063,1220347272,1338503397,3720240312,1801628005,1643859683,1526073038,1326298195,3760036398,2580586444,3032892782,4308881,2620042914,3977903830,3662059002,2072575382,4029961806,333992903,4045040328,1980865498,686616384,3885190809,249714279,3468772324,1440916243,2340053218,3012815585,1500719810,796332409,758579484,643689621,612379042,3453948504,111576662,4207670549,2097774398,3584344387,2707711354,2814325660,1737740789,3615640885,3200455462,915680005,3104363528,2492467272,249696836,888965026,1433794466,2782030291,3858927761,2385593228,624527666,687972066,428208254,882720809,612426050,783143206,1527402088,3846514410,1152397313,896908573,1010490094,165355405,3926994941,4012621444,2728262731,2033097630,2476325461,4017125436,4072797755,403687550,605115533,319726557,2230019334,3413686864,2411923985,3863356691,3328318102,2960826748,970372657,1518705136,1201989238,654967345,2252490917,3858181052,1565450692,4147921794,4152250354,1340690444,155126142,3023304325,1874490135,1564645858,3805138295,1846114423,490404702,1462508001,1681455498,1934185347
LastModified=1785380237
NaturalSize=119,29

[/home/pd0rk1n/.local/share/aurorae/themes/Dracula/restore.svg]
10042368509896265358=3.03258638787248,4.435478023755195,20.168999304602718,20.168998770029702
14450126701326491076=26.540978276815,4.435476621974203,20.16899959305,20.169000171903917
16262699805508634448=50.96366284111575,4.435476692513248,20.16900067684425,20.16900010086374
6712600062102388095=73.860221980795,4.435480096399942,20.16899999117851,20.169000537321836
6977216140091839011=95.254758989875,4.435502629864914,20.169000035414996,20.16900031613841
Invalidelements=2852835831,3971571580,1076120848,3127855770,2327762952,2096513119,157651072,4103832856,2728839486,4729730,597975895,2029227037,1717920751,2818136886,1686799282,833984500,2093791236,2550057552,2666175158,4235454276,261286545,4287592161,1259579154,2763893861,2786275418,2510272861,2770849428,2805690542,3861309822,2010885487,3851107140,882069442,645098338,321767239,2757662528,3910242649,4096812762,4203089648,1673198230,44095701,1565224696,725351310,2255967370,454507692,1168596870,307190625,2628930892,3736664587,1376139457,2839907390,1274963721,3350548771,1446228355,8574755,746578495,3526000286,1641082705,1181001672,3138637514,1730369542,3434994004,3586178368,1310058564,3372393200,4061751223,3867075708,1355497149,2413977804,3773149195,1456763686,1710159977,1971270671,5138440,2345667854,2045720222,329437418,3734260927,1343564758,1747881576,1509181686,228986800,2776955785,1182181318,3352349263,3454788006,2564933752,605656006,4032831219,2437217238,1695949370,1811269310,1436852024,3912255372,450385661,1791090359,2600746015,859400583,2196514855,2605525255,517075067,3068367265,1188616371,145538875,1959264698,1181798768,4123212419,691434808,3084920448,1060330771,1872494753,2194357469,3021226505,4031400875,3183675320,2478894023,3530771327,492344302,1606333971,4219297294
LastModified=1785380237
NaturalSize=119,29

[/home/pd0rk1n/.local/share/plasma/desktoptheme/Dracula-Solid/widgets/background.svgz]
10970903344572489010=51,0,12,12
11434592126846845647=50.999985,12,11.999999500000001,32
12992494572205065222=18.999985000000002,0,32,12
15950577549752488055=19.000004,12,32,32
16140127057938964702=0,0,5,5
16317935545103021922=7.0000025,12,12.0000015,32
17209649633526248391=33,0,4,12
17617845966946133242=33,44,4,12
18044903244371328198=18.999985000000002,44,32,12
2741980637990346876=7,0,12,12
474407334596026843=7.000005,26,11.999999,4
5558822255444178621=50.999986,26,11.999999000000003,4
5671753400583523358=51,44,12,12
6643100299133162077=7,44,12,12
Invalidelements=681188848,2345713541,4083742576,2243070935,1901319557,3134111609,3447917354,1616100961
LastModified=1785380235
NaturalSize=121,56

[/home/pd0rk1n/.local/share/plasma/desktoptheme/Dracula-Solid/widgets/clock.svg]
12336772143288424933=95.44051091075289,96.30259270261121,12,85
13183062077702987265=0,0,208,208
4756841210709978296=93.85132767984348,89.28674530621129,18,64
Invalidelements=333513751,545240239,2822560381,4079934572,2215838380,1932319106
LastModified=1785380235
NaturalSize=208,208

[/home/pd0rk1n/.local/share/plasma/desktoptheme/Dracula/dialogs/background.svgz]
10185206149491728910=0,0,5,5
1052559372405396921=119,16,32,32
11959160420672557782=20,50,4,4
121476137704096208=47,48,16,16
12479089309615491490=95,16,16,32
12633060346371286672=6,48,32,6
12681145398228737784=76,54,2,10
12693112840934127464=20,10,4,4
15302584303104844547=0,30,9.9999999e-09,4
15571069045555380176=38,16,6,32
15740834465905989992=0,10,6,6
1667824964415120736=0,30,4,4
17146250274725630056=47,0,16,16
17261827538206725575=63,48,32,16
17375813942217107050=101,33,10,2
17393764083569107943=113,48,6,6
17524138444708118275=95,0,16,16
18318015806112051954=38,48,6,6
18406257414221816824=20,10,4,1.000000082740371e-08
2467064628124875385=40,30,4,4
2490990391746760168=151,16,6,32
3259282454401691081=113,16,6,32
3572959600367867931=47,16,16,32
3960001469897532143=151,10,6,6
4135295084472199048=0,16,6,32
4349827293360826034=44,30,1.000000082740371e-08,4
5498067383940218123=6,16,32,32
6245909012592355941=47,29,10,2
7417687095199723959=20,54,4,1.000000082740371e-08
7479119178815224471=119,47.9999785,32.00000800000001,6.000021500000003
7799348445357999022=63,0,32,16
8230071086519473261=76,0,2,10
8261913437638057487=95,48,16,16
8583491963931750335=6,10,32,6
9160362852514626384=119,10,31.999989999999997,6.000021
9182218503138834586=151,48,6,6
9515559244576536728=0,48,6,6
9675630423986509774=38,10,6,6
9765653189511758554=113,10,6,6
Invalidelements=1115986997,3104106986,3378827045,1053778737,2259895684,2245993922,409462670,1492611638,1222516592,2675525265,797676178,1067421100,2096622283,1887072586,2425157595
LastModified=1785380232
NaturalSize=157,64

[/home/pd0rk1n/.local/share/plasma/desktoptheme/Dracula/widgets/action-overlays.svgz]
NaturalSize=136,136

[/home/pd0rk1n/.local/share/plasma/desktoptheme/Dracula/widgets/actionbutton.svg]
11052757346311197729=86,86,16,16
11378912150420950651=36,10,24,24
11726123425072430655=62,114,22,22
14303593217070882747=62,46,22,22
15130384606098643057=62,80,22,22
16930971749935470253=36,78,24,24
16964102381816567550=86,52,16,16
17930612168332766130=36,44,24,24
18354020662752976721=86,17.999999000000003,16,16.000000999999997
2671880773014615476=2,2,32,32
5296162600843920767=2,70,32,32
5756348039185263095=86,120,16,16
7647449843803226618=62,12,22,22
8402493997402360784=36,112,24,24
Invalidelements=1348329936
LastModified=1785380232
NaturalSize=104,138
focus=22x22,16x16,24x24,22x22,16x16,24x24,
hover=16x16,22x22,24x24,16x16,22x22,24x24,
normal=22x22,16x16,24x24,22x22,16x16,24x24,
pressed=22x22,24x24,16x16,22x22,24x24,16x16,

[/home/pd0rk1n/.local/share/plasma/desktoptheme/Dracula/widgets/arrows.svgz]
12950766643247982930=3.968749991707,7.937502900000027,3.704166899999999,3.7041670999999496
LastModified=1785380232
NaturalSize=44,44

[/home/pd0rk1n/.local/share/plasma/desktoptheme/Dracula/widgets/background.svgz]
10764045648152251225=7,0,12,12
11150474195707521492=18.999985000000002,44,32,12
12144552695455179136=18.999985000000002,0,32,12
15340891827745011046=51,44,12,12
15850933643533971520=50.999986,26,11.999999000000003,4
16401373351841754111=0,0,5,5
17208051220221839088=7.000005,26,11.999999,4
17263455309987501672=33,0,4,12
2756470453788885385=19.000004,12,32,32
3096798296558728065=50.999985,12,11.999999500000001,32
537409600441185453=51,0,12,12
6435436895031432086=7.0000025,12,12.0000015,32
7464331981130116785=33,44,4,12
9603579852332479146=7,44,12,12
Invalidelements=1259141785,1691755133,786695454,3488084453,3935164666,3332662533,2292427916,2219659360
LastModified=1785380232
NaturalSize=121,56

[/home/pd0rk1n/.local/share/plasma/desktoptheme/Dracula/widgets/bar_meter_horizontal.svgz]
10937029034645652357=14,12,2,2
11431150173428385538=10,12,3,2
11900563623974934629=14,15,2,3
12636344509103047489=14,8,2,3
16394713788193483597=14,24,2,2
17179296479041065059=6,0,6,6
17261923570904003059=10,15,3,3
17602923195338396338=17,27,3,3
2918368226413146113=10,8,3,3
3403268502440112002=14,20,2,3
3404804072729391769=17,24,3,2
3844532617389413841=10,27,3,3
5632457290280406950=17,15,3,3
6448409678708004964=10,24,3,2
6742473224657303500=17,8,3,3
8450595198669487147=0,0,4,4
8623439395460722887=10,20,3,3
8657608182237374112=14,27,2,3
8712817754023070425=17,12,3,2
8853118506427663686=17,20,3,3
Invalidelements=3812500594,103447722,2951164651,551937249,455427616,3240307979,1940181395,3207500727,3486482025,2179365380,3179942011,907319287,3655881345,2578975154,3784460159,1530725982,3717539143,2160319043,2693334889,4061162152,3146952440,1210774977,847824284,3059233100,4103288975,89790622,115209460,950826410,575013356,3302648037,2587209391,4132130351,3994274820,1383757642,682789566,2879160876,4221406569,2598148887,1711733078
LastModified=1785380232
NaturalSize=30,30

[/home/pd0rk1n/.local/share/plasma/desktoptheme/Dracula/widgets/busywidget.svgz]
1822906237138906026=-3.600000010317572e-07,0,35.983334,35.98333400000001
6184590814101252852=58.472801,281.12497,4.233333600000002,4.23333359999998
7188557188341288837=51.329166,279.53748,5.820833700000001,5.82083369999998
Invalidelements=2420495142
LastModified=1785380232
NaturalSize=136,136
busywidget=4x4,6x6,4x4,6x6,4x4,6x6,

[/home/pd0rk1n/.local/share/plasma/desktoptheme/Dracula/widgets/button.svgz]
10197672437188648110=109,61,4,2
10395099430117999305=31.999197399999996,51.999900000000025,47.99970999999999,6.000099999999975
1093679932629494837=25.000000000000014,156,6,6
11203221478306811452=81,71.9995987,6,23.999854999999997
11553999133102644735=148,78,5,5
11622687200329050005=129.99998,39,2,4
11648615567673450913=25,26.99894059999999,6,24.000510000000006
11748780375511584804=31.999197399999996,141.99990000000003,47.99970999999999,6.000099999999975
11845988442502002061=55,66,2,0.09999999999999432
11904433768814507511=31.999197399999996,110,47.99970999999999,6
11962678935466922835=26,128,0.10000000000000142,2
1222831577223260090=25.000000000000014,141.99990000000003,6,6.000099999999975
12693855655524763855=108.99999999999997,95.06691200000002,5.000100000000003,5.000099999999989
12812537575083120082=80.99998,51.999900000000025,6,6.000099999999975
12840670913246437324=148,101,5,32
13289112786304110682=85.899994,82,0.09999999999999432,2
13301478041322549774=163.99998,60,4,2
13367290493873860625=55,20,2,6
13922077649266733766=25.000000000000014,65,6,6
14298402837482400357=108.999998,101,5,32
14377705977328496937=32,72,48,24
14828165572136748430=85.899994,127,0.09999999999999432,2
15357181402091921049=184.99998,39,2,4
15382013290395412202=25,116.9939406,6,24.00051000000002
15473703572910815374=115,77.99668290999992,32,5.00013792
15909446263172440803=55,101.9,2,0.09999999999999432
1620172276594732405=203,78,5,5
16326407836781657745=25,72.00054630000001,6,23.999854999999997
16828659451641541973=148,134,5,5
16922911763880564722=203,45,5,32
17337173901030838786=109.000008,134.03200000000007,5.0000399999999985,5.000039999999984
17581433738926340091=164,78,5,5
17626457917996626551=115,45,32,32
17633137811120346143=32,163,48,24
17788374996910554418=108.99999999999997,39.06691200000001,5.000100000000003,5.000100000000003
17843919283192034537=129.99998,95,2,0.09999999999999432
17905347295026777150=81,97,6,6
18059669888875484643=25,38,6,2
18080338585121631169=81,110,6,6
18153907251495803187=13,25,3,3
18287013935417292689=31.999197399999996,156,47.99970999999999,6
18411112477378577203=81,27.000749399999997,6,24.000510000000006
1921149431664316604=24.999999930000016,97,6,6
2098096301348533409=55,111,2,0.09999999999999432
230489671062204126=129.99998,78,2,4
292594977860437065=81,20,6,6
2958498925565926078=80.99990000000003,163.00554939999998,6.000099999999975,24.00051000000002
3097913160574723509=148,45,5,32
310069663147645393=32,27,48,24
3150641294918721837=170,38.99989279999996,32,4.999899999999997
3410304247578304667=184.99998,78,2,4
343403725703150219=55,52,2,6.000100099999997
393065376510062905=25,162.9939406,6,24.00051000000002
3951945449703582638=115,133.99668290999992,32,5.000137919999986
3974975363904116302=31.999170329999995,97,47.99970999999999,6
3993188608470215125=81,65,6,6
4010515922685560776=129.99998,138.89999,2,0.09999999999999432
416158126999550076=25.000000000000014,188.0399,6,6.000099999999975
4181029612050258141=203,39,5,5
4217620634718639076=109.000008,78.03200000000005,5.0000399999999985,5.0000399999999985
4332161879622308071=152.89998,116,0.09999999999999432,2
4434041222970802318=148,39,5,5
469464939659282556=115,101,32,32
5191905530878390368=164,45,5,32
5720783134208266522=80.99998,187.99990000000003,6,6.000099999999975
5795680212617651260=148,95,5,5
5800109458977978559=81,156,6,6
5880239296740163508=147.99998,60,4,2
5941480253752542522=80.99998,141.99990000000003,6,6.000099999999975
6143591977873184402=32,117,48,24
6231002766721722330=31.999197399999996,20,47.99970999999999,6
6235144938645153381=31.999197399999996,188.0399,47.99970999999999,6.000099999999975
6592008274992054862=115,95,32,5
6770423124346441309=115,39,32,5
6965591420188936024=25.000000000000014,20,6,6
7302417122792197055=31.999197399999996,65,47.99970999999999,6
7582331196527434079=170,77.99668290999992,32,5.00013792
7737702394911256794=109,117,0.09999999999999432,2
7818680719188069145=80.99990000000003,117.00054940000001,6.000099999999975,24.00050999999999
7878692545692148326=81,38,6,2
817616322307904483=26,83,0.10000000000000142,2
8319751916754714197=55,146.89999,2,0.09999999999999432
8764339946598030908=163.99999999999997,39.06691200000001,5.000100000000003,5.000100000000003
8889372974443641453=108.999998,45,5,32
8890141253287115932=170,45,32,32
9566698774273909259=25.000000000000014,52,6,6
9804957450169318161=202.99998,59,4,2
9832526928554060444=25.000000000000014,110,6,6
Invalidelements=4127219112,775097877,3075012366,4249930316,3720445071,1984643146,3764936346,3724496327,2615329217,2847776929,2312628689,4099628522,3265911024,799357105,3759978973,212177627,1938408483,2072232524,1743697424,2353694230,622898948,3272411812,3015745347,3915665351,2914390831,3360862350,1471843972,1521324625,2121681333,3493414698,1232888659,2858041158,679743147,2468144218,1653882968,698578297,4084044657,1362117517,3120089813,2931086394,1166273343,124818836,3960540160,297125663,2470624863,1463082419,1138345734,540085095,2489697158,119214752,3935273477,2460597606,1365629399,3586527894,3062209062,1587592553,2400596803,2045776110,172752307,3805470480,1293886893,1676348970,76493415,1877297596,2988498209,2069178103,966802820,2337252237,2549467949,1738736487,246862334,657302441,708352097,3491772089,3459681182,1055868514,2103421174,1577367504,2805202149,3160374059,1568876925,3269968650,228105607,3384307830,1296841243,3028871668,1614744138,780249207
LastModified=1785380232
NaturalSize=220,212

[/home/pd0rk1n/.local/share/plasma/desktoptheme/Dracula/widgets/checkmarks.svg]
10246461519313860073=0,0,16,16
18431684642215905247=19.77733999999998,0,16,16
LastModified=1785380232
NaturalSize=36,16

[/home/pd0rk1n/.local/share/plasma/desktoptheme/Dracula/widgets/clock.svg]
10380190004097451941=303.0308720268293,97.6396067687091,12.49881225716835,57.705290155647035
12524723526482082123=93.85132767984348,89.28674530621129,18,64
14462841826032317240=270.19230869802897,100.9615356782568,5.769231178242834,78.84615407039462
1518957496604510572=91.76972202957009,92.59864682943386,11.538461538461538,81.73076923076923
17197794797843840892=317.29314960187276,99.89243342366574,7.812120817455082,77.90872966958038
18185372906520734315=0,0,200,200
2633227598213011653=96.14025589246816,92.76810751149841,7.6923076923076925,77.97983114418209
3667978890818725327=95.44051091075289,96.30259270261121,12,85
500769417670774987=0,0,208,208
6083640103396417047=90.24166123061873,85.85263971751085,17.307692307692307,61.53846153846154
Invalidelements=2814294536,2574409116,2642013524,285315645,574139529,3597153716,1000433273,3188415182,2536636224
LastModified=1785380232
NaturalSize=208,208

[/home/pd0rk1n/.local/share/plasma/desktoptheme/Dracula/widgets/containment-controls.svgz]
12033557079350403368=-10,0,5.2207794,5.4025974
14592420911991854398=59.99999940986388,0.9999992919487966,28.00000063736129,19.000000432495156
1503902308915354935=70,28,10,1
15189379735765209341=90.00000320954504,7.499999843592452,36.0000008194645,15.000000341443542
18334103630259875105=4,6,1,42
3534749226684168598=70,29,10,12
4996779678013166972=89.99999697099047,22.49999984359245,36.0000008194645,15.000000341443542
680660729915188197=70,41,10,1
Invalidelements=1617557261,1179877533,747308151,1894800824,3396385342,4099749584,727597307,3333061932,747854679,1998971913,1697213768,3455140483,3328834274,3615174758,2781401949,3231545163
LastModified=1785380232
NaturalSize=128,128

[/home/pd0rk1n/.local/share/plasma/desktoptheme/Dracula/widgets/glowbar.svgz]
12725696888140805743=10,67.673317,25,25
2930013980293230127=60,67.673317,25,25
3296753359346873899=35,67.673317,25,25
Invalidelements=3710210087
LastModified=1785380232
NaturalSize=100,100

[/home/pd0rk1n/.local/share/plasma/desktoptheme/Dracula/widgets/line.svgz]
12197226930009743677=2,0,1,1
3201623904240804450=0,0,1,1
LastModified=1785380232
NaturalSize=3,1

[/home/pd0rk1n/.local/share/plasma/desktoptheme/Dracula/widgets/lineedit.svgz]
10329392545881127168=79.999996,75,6.00000399999999,6
10964224176364441488=87.00004,82.000068,48.000000000000014,35.999922
11710166686741318481=136.0000019014,74.99998176139998,6.000003939999942,5.999999940000009
11711752463914628568=59.99998829859999,82.0999936509977,6.000029939999763,35.999994810000146
12851555167562124576=79.99999415860003,118.99995829860005,6.000003939999942,5.999999939999995
13446030071480626725=11.000004707999995,119.0999882986,47.99999820000001,6.000029939999749
13598716617406913015=35,5,2,6.0000038
13821370012683669138=3.99999200000002,119.09999000000005,6.00000399999999,6
13834175844495324130=35,49,2,6.000006200000001
14067957866038763189=4.000004158600023,48.99999829860007,6.000003939999942,5.999999940000002
14509163772512836899=0,-4,2.0329318,2.077126
1463731943521048603=136.00002,118.99995999999999,6.00000399999999,6
14689508717414939726=60.000020000000006,49,6.00000399999999,6
15192630530742316056=143,99,0.09999999999999432,2
15286590211265677294=4.000001761400199,12.000031683000003,6.000029939999763,35.999985550000005
15503161793278417474=110,124.89999,2,0.09999999999999432
15624183452156030535=86.999999708,118.99995829860005,47.99999820000001,6.000029939999749
16177502761774926597=11.000028707999999,75.00000176140023,47.99999820000001,6.000029939999749
16433822194026777979=4.000005999999985,5.000040000000013,6.00000399999999,6
16570673101354820967=4,100.10000009999999,0.09999999999999964,1.999999900000006
16866647051375111527=60,74.99999981469728,6.00000399999999,6
187725501912030286=60.00000399999999,119.09997999999996,6.00000399999999,6
2876273154934613646=4,-4,2.0329318,2.077126
3143992243598397096=34,125,2,0.09999999999999432
3320702199041941239=80,100,0.09999999999999432,2
4081318437142388165=60.000011901400015,5.0000217614,6.000003939999942,5.9999999399999995
4098716166885858141=3.999984761400242,82.09999099900052,6.000029939999763,35.99999769000004
4175566670132175793=34,74.900002,1.9999998999999988,0.09999999999999432
4222972870480623701=60,28.999998,5.999991399999999,2
431087334986108191=87.000019708,75.00000176140023,47.99999819999999,6.000029939999749
4621238627079720917=4,28.999998,6,1.9999998999999988
4665066752651489694=3.99999600000001,75,6.00000399999999,6
4779351963947770228=11.00003,12.000112,48.00002,35.999922
5486462937443014348=11.000017707999998,5.000041761400246,47.99999820000001,6.000029939999737
5689424445716812063=60.00000829860005,12.000049358599988,6.000029939999763,35.99997769
5970988917523014446=135.99990829860008,82.00000135859999,6.000029939999763,35.99997769000001
6186188769881529584=66,100.10000009999999,0.09999999999999432,1.999999900000006
7556546963261867869=110,74.899994,2,0.09999999999999432
835481926162853733=10.999997707999999,48.99999829860007,47.99999820000001,6.0000299399997346
917955560567289200=79.99999176140022,81.999991683,6.000029939999763,35.999985550000005
9298948024300978512=11.000032,82.10007,48,35.99992
Invalidelements=3347748650,728663207,2947840430,3278567339,611639975,588785860,2853334920,3891259383,4100377048,2830100672,3231725091,2671726870,1251782014,155260654,2889747236,1636413706,877881287,3449090622,721143840,3633349750,550744851,3006598891,477216394,1107281729,1418730829,836218732,3464113944,2080542271,3837355353,51529392,2216775809,2602827491,1044016182,2896040178,18670888,1419633228,2830716608,2272404079,328173727,2076318842
LastModified=1785380232
NaturalSize=80,60

[/home/pd0rk1n/.local/share/plasma/desktoptheme/Dracula/widgets/listitem.svgz]
10669547889534617951=57.999702222222226,7.3841427,2.0002977777777744,11.0000053
11962187668359480248=59.99965999999999,5.383812922222221,11.001528480661094,2.0003447777777783
12124857306266073719=20,21,11,2
12161742337845043822=21.999964000000002,64.00000022222221,2.000036069150852,1.9999997777777878
12446791844444888321=71.00000000000001,5.383812922222221,2.000036926144631,2.0003447777777783
12999480142094522152=34.999964,51.00034522222222,2.000036069150852,1.9999997777777736
1374146536095660696=23.999959999999998,51.000000222222226,11.00126257523478,2.0003447777777765
14157021008473560309=34.999964,64.00000022222221,2.000036069150852,1.9999997777777878
14393078594223541553=29,25,2,6
15544669754419508133=22.000002222222225,53.00033500000001,2.0002977777777744,11
15694362220854743828=24,53.000345,10.999999000000003,11.000000000000007
16043954080077733114=30.9997,10.000015,2.0002968888888937,11.000005
16124097564762641823=57.999623,5.383812922222221,2.000036926144645,2.0003447777777783
16400135876876060136=17,58,4,1.9999998999999988
1668152714412650674=35,53.000345,2.00029688888889,11.000000000000007
17090927952040316010=70.9997,7.3841577,2.0002968888888972,11.000005300000002
17930604252983055421=24,64,11,2
1928568229558353338=-10,-10,2.0329318,2.077126
2122793221810223093=17.999702222222226,10,2.0002977777777744,11.000004999999998
2291403787933333648=59.9997,7.3841577,10.999998999999995,11.000005300000002
2460598567747597171=38,58,4,2
2558643395806763419=71.00000000000001,18.38379822222222,2.000036926144631,2.0003447777777765
310091385571260845=28,44,2,6
5343979933592625098=21.999924000000004,51.000000222222226,2.000036069150852,2.0003447777777765
5446575896520415724=29,67,2,6
5617052031567719925=58,18.38379822222222,2.000036926144645,2.0003447777777765
636454106513007782=10,16,4,2
6915996846282464559=28,2,2,6
8335584927644460120=60,18.384143,11,2
9724023507839539425=35,16,4,2
9756917885072539941=19.99966,7.999670222222221,11.0015284806611,2.0003447777777783
9989685346318507069=19.9997,10.000015,10.999998999999999,11.000005
Invalidelements=418698075,1678129780,577300627,220037300,1606076204,421482161,2386433217,30920735,1676086112,1442566508,1780536549,2691295499,874388473,2234631044,2486225057,3803500892,2868692122,260519150,161085247,3733259561,1861063813,3655916014,3110365200,981945728,1838540741,589003619,3863568334,2351435892,1536098628,346405764,2087880847,3024737008,3216071498,449636838,1346188042,1174777237,3645649822,1405897412,1697356453,2207907199,2116261978,2171692319,2246403450
LastModified=1785380232
NaturalSize=128,300

[/home/pd0rk1n/.local/share/plasma/desktoptheme/Dracula/widgets/pager.svgz]
10165106068719325947=-3,13,1,1
10252607008633957585=-14,1.9999998,1,6.999999999999999
10254099760349015796=-14,33,1,1
11243965533971342331=-13,25,10,1
11428204783095589231=-13,26,10,7
11774757224548959446=-13,9,10,1
12262637639604933833=-3,1.9999998,1,6.999999999999999
135396188160256522=-14,26,1,7
1402514721063297390=-14,0.99999982,1,1
14310613615808840241=-13,33,10,1
15077262473829854770=-14,13,1,1
15623215232238967103=-3,25,1,1
1582119345689255155=-13,13,10,1
17096392333950325009=-3,14,1,7
17543779861857715061=-13,14,10,7
2052847707598645588=-13,21,10,1
2350064868965549551=1.1607215,1.2080072,1.0000000000000002,0.9941440799999999
2667680140996555390=-3,9,1,1
2874796617248587290=-3,26,1,7
3680369054251783071=-14,14,1,7
4893283231043622885=-13,1.9999998,10,6.999999999999999
517673143870386495=-3,33,1,1
5269078208658345276=-3,0.99999982,1,1
6922218009311581528=-3,21,1,1
823828874463665958=-13,0.99999982,10,1
8596752669648564303=-14,25,1,1
8628321467849767620=-14,21,1,1
9864578369732404777=-14,9,1,1
Invalidelements=3903310053,217512014,1670061232,128079412,571857661,4020100142,1901024248,2526448944,624281431,1547588310,2831477551,1592352122,2255145537,2100317282,1407584328,3908799637,3692388830,3960768989,1619001825,3110792449,2421564864,3284155348,493797901,1031954769,3784388838,4023203810,3555212570,2258790197,3988105969,2500517921,3128901335,2196981671,2393846325,1777554342,467605523,3886854632,1010983020,4254839030
LastModified=1785380232
NaturalSize=50,50

[/home/pd0rk1n/.local/share/plasma/desktoptheme/Dracula/widgets/panel-background.svgz]
10260168465428298391=69.023803,0,18.968485119999997,16
10887520147951936583=0,10,13.0094592,11.998031400000002
11312261289106841930=39,105,4,8
11360066895623715964=40,30,4,4
1150365527843491054=30.997826,10,13.0021734,12.0065742
11627427804822294122=36.9730784,40.951538,32.0293936,34.80297759999999
11748620971382113424=0,41.020129,13.002051000000002,12.9798714
11910261346778237450=126.01444,41.022437,18.005880000000005,12.985128000000003
12029292933068393062=88.005798,-10.142217200000001,34.5531728,32.1968192
12145242776191024814=144.01796,21.999298,12.982033000000001,19.026913000000004
13382080015927646739=68.994202,48,18.997314560000007,16
13710430487073788306=126.00272,10,18.01584100000001,12.003754999999998
14256403128327719254=0,0,5,5
14818122993935883500=101,33,10,2
15681022979474257119=12,95,8,4
1624510557329551852=20,50,4,4
16327023973967195710=144.0146,41.024949,12.985399999999998,12.975051
169940525304054802=48,95,8,4
17514380213031466436=0,30,9.9999999e-09,4
17544586797219481911=36.909165800000004,-10.039673399999998,32.1107312,32.0496224
17625128247906298232=20,10,4,4
17814412199410818547=30.994574,22.004861,13.0054266,19.03020224
1819940386418634783=144.02164,10,12.97836000000001,12.005617
18407179193709393320=38,69,4,8
2475633186617155414=126.00769,22.002838,18.014647999999994,19.023232000000004
2603749661302093414=76,0,2,10
2905297240740671193=47,21.97583,16,19.0685648
3681269241255836890=47,29,10,2
3730429803501649815=44,30,1.000000082740371e-08,4
4111695260800374470=13.000492,10,17.994351039999998,12.000082800000001
4537064996321711839=95,22.011169,16,18.98822048
5269845776420687830=13.007112,22.004730404249,17.99434645898428,19.019063198239994
5480468797906063345=30.993903,41.016365,13.006096799999998,12.983635200000002
5524487941866755155=76,54,2,10
5818665616274354197=113,41.023926,13.005250000000004,12.976073999999997
6601675099290758546=0,22.005249,13.008979199999999,19.017804160000004
6997287959719800705=113,10,13.014049999999997,12.001648
8433695246073987296=20,10,4,9.99999905104687e-09
8603601668673797580=13.004451,41.02136,17.99592832,12.978639000000001
8673313850934728375=19,75,32,32
8712150655009873596=20,54,4,1.000000082740371e-08
8775636797052950808=0,30,4,4
9330492585549388907=87.992702,41.01582,34.6073248,34.7201488
9402045639390632713=113,21.998695,13.013526999999996,19.035366
Invalidelements=2758113366,2557867346,790573633,2619105803,2610367258,2092487140,2816806177,779302363,3388151665,2012229028,2994620688,25358975,575785968,3289292744,1103770290,3319653067,2947390430,3631769900,2159483426,1655357518,321029864,2203008027,1072307676,3041914405,163185244,3206443871,398224080,2933438304,269049587,3740930326,1577607875,3797361684,1017654469
LastModified=1785380232
NaturalSize=157,64

[/home/pd0rk1n/.local/share/plasma/desktoptheme/Dracula/widgets/scrollbar.svgz]
11117015819232139878=43.000001,53,6.999999074999998,10
11439196120278143998=11.999999350000003,20,7.000000649999997,10
12031663825104462001=32.9999995,30.999999475000003,7.000000499999999,6.999999825000003
12063869205116151418=7.2599602,11.659418,2.0329318,2.077126
12100955547656840176=22.000000999999997,53,6.999998925,10
12145893700199008156=32.9999995,20,7.000000499999999,10
12706266569282690621=21.9999991,30.999999475000003,6.999999825,6.999999825000003
13387121922009084231=11.999999350000003,11.999999950000001,7.000000649999997,7.000000049999999
1356102684823500221=33.0000005,64.000000475,7.000000499999999,6.999999825000003
13600399065608233274=12.000000350000004,44.999998600000005,7.000000649999997,7.000001399999995
14090020546292314374=41,11.99999995,1,7.000000050000001
14231386888791915908=19.999999999999996,11.99999995,1.0000000000000036,7.000000050000001
16214736366477689511=20.000000999999997,44.999998600000005,1.0000000000000036,7.000001399999995
16251857698188302697=20,20,1,10
17094698038477649957=41,20,1,10
17286679772672183502=41,30.999999475,1,6.999999825
17936252564314387767=22.0000001,63.999998125000005,6.999999825,6.999999825000003
17997817139627074865=43.00000025,64.000000475,6.999999825000003,6.999999825000003
18301776437936146890=33.0000005,45.00000095,7.000000499999999,7.000000049999997
266080195471667648=21.9999991,11.999999950000001,6.999999825,7.000000049999999
3490750511299605068=12.000000350000004,53,7.000000649999997,10
3817195249155190110=22.0000001,44.999998600000005,6.999999825,7.000001399999995
4063436635229357466=41.000001,64.000000475,1,6.999999825000003
4226312987463329244=33.0000005,53,7.000000499999999,10
4400573608066439607=43.00000025,45.00000095,6.999999825000003,7.000000049999997
4412378860560597011=20.000000999999997,63.999998125000005,1.0000000000000036,6.999999825000003
4620918297479508103=0,18,14,14
4824280023613093502=42.99999925,30.999999475000003,6.999999825000003,6.999999825000003
5325074623585656124=22,20,6.999998925,10
5798188789318530318=41.000001,45.00000095,1,7.000000049999997
5880268913042127209=42.99999925,11.999999950000001,6.999999825000003,7.000000049999999
6363867205200112515=41,53,1,10
8257431476443206382=12.000000350000004,63.999998125000005,7.000000649999997,6.999999825000003
8378637359765902087=19.999999999999996,30.999999475,1.0000000000000036,6.999999825
8458250884474561149=11.999999350000003,30.999999475000003,7.000000649999997,6.999999825000003
877859276105995767=32.9999995,11.999999950000001,7.000000499999999,7.000000049999999
9232006658030402467=20,53,1,10
9738037688051016948=43,20,6.999999074999998,10
Invalidelements=2967140852,990993442,1826213152,43180917,1838939466,518205617,1768553223,1035380399,1254519026,85179284,199203962,3205001680,2561203030,1096354932,1225194515,3710870229,1502972105,1396690243,409032725,3848634160,834844616,1935232350,1031331813,887884543,2440270718,3828379349,2767892146,79930456,1614646822,3907813541,1299957383,3474284673,2075341198,3511175421,3296030785,1078392888,508303397,3972729873,2312074519,3411344251,277457838,3841904582,3983705160,3124204664,2997481652,2147657431,55894102,997063665,181647225,2431537462,4148457119,104117027,1805318355,1577960277,4162176124,283371313
LastModified=1785380232
NaturalSize=48,98

[/home/pd0rk1n/.local/share/plasma/desktoptheme/Dracula/widgets/slider.svgz]
10332403974106733734=10,7,3,3
11547138146600705364=32,11,3,3
11729352733149885250=28,15,3,3
12443833922418314427=6,15,3,3
12824276894856306734=32,15,3,3
13071998217726017036=4.999999903999999,97.999999832,23.999999904,23.999999904000006
1382495186526861370=24,11,3,3
14035125477788789730=42,6,20,20
14179347314559433850=32,7,3,3
14379861458435542052=24,11,3,3
14470024718725690463=14,15,3,3
14590216675078473094=66,98,24,24
16349904223829787530=24,7,3,3
16433145471103507320=2.2599621,4.6594176,2.0329318,2.077126
17360358563642226931=24,15,3,3
17874509032097202162=32,7,3,3
18098489821922044826=14,11,3,3
2171504163267389109=28,15,3,3
2674482317972910276=14,7,3,3
3365880810721134421=28,7,3,3
4202674748776353331=24,15,3,3
4435919971849345152=10,11,3,3
4722715184886271235=6,11,3,3
5106972970454137911=32,11,3,3
5309043418037638950=6,7,3,3
5718779037390054794=28,11,3,3
6373483605639047392=10,15,3,3
6515703405852560387=96,98,24,24
6764740961583612036=28,11,3,3
7515802428650287317=38,98,24,24
8268541589096107495=32,15,3,3
8372386005962907742=28,7,3,3
8622474444340148202=24,7,3,3
9832140002044431682=2.2599621,4.6594176,2.0329318,2.077126
Invalidelements=2171344535,169973269,107556386,1642621688,2023344461,1544901246,1765517547,231464634,3912197874,136007343,2258631920,4281810385,1851591002,4213635300,2045091450,3624565921,3166350331,435962880,1678974706,402168485,3602156731,450297005,3944335798,2557874386,3517927200,4279234262,1631798204,3760909988,302142784,3151052442,4220949971,3454374745,3155749060,2910853176,1746292943,3654605587,652812177,3814976418,259331361,3323011153,715759778,2658119107,3936091117,4107862733,54062165,3164252872,2126133874,3517889712,669769041,193333324,226769067,2238289987,4058899949,3312599835,960677320,3025223269,999061761,2617498382,2810881396,3898370650,3783428374,3277772572,557487155,3682505397,2408793913,234847973
LastModified=1785380232
NaturalSize=128,128

[/home/pd0rk1n/.local/share/plasma/desktoptheme/Dracula/widgets/tabbar.svgz]
10246843385070897236=273,214.36218,10,12
10480126191100736172=283,210.36218,80,4
11237277050988059524=283,214.36218,80,12
11705056903652573509=363,227.36218,10,3.000005200000004
12249323812781182000=266,446.36215,10,4
1301210664604699368=320.24124,430.36215,5,8
14365081857632728509=266,437.36215,6,5
14442955061377818958=356,446.36215,10,4
15237562886201775863=360,437.36215,6,5
15256331480733299041=276.00001,431.36216,80,3
15332955476255557161=363,210.36218,10,4
16018854606376614604=-233.82362,467.12659,41.362885000000006,41.12067000000002
17280795389093965558=356,434.36215,10,12
17522388823455767648=273,227.36217000000002,10,3.0000051999999755
17528050046942413106=266,434.36215,10,12
17706687152720536799=356,431.36216,10.000009999999975,3.0000051999999755
6442113295746889044=276,446.36215,80,4
6469741354812567666=276,434.36215,80,12
710981047607477978=273,210.36218,10,4
8021650628644006167=266.00001,431.36216,10,3.0000051999999755
804384199152744312=283,227.36217000000002,80,3
9249827065035186994=363,214.36218,10,12
9560727349243631804=320.24124,446.36215,5,4
Invalidelements=2359480572,2031705882,3988514984,3175342475,2939783950,1710256438,3240547965,3341111109,2752323289,3848891948,2070763573,2082148304,222677385,4009612816,3494934753,1705735651,1186280426,1740674514,2916162234,1794505564,2857439159,899192385,1400787982,4018777935,818795530,3741959171,58387187,3030036052,487866974,3271565241,2674552311,3649930892,3233706274,4060803401,2692706732,2135601103,906140973
LastModified=1785380232
NaturalSize=744,1052

[/home/pd0rk1n/.local/share/plasma/desktoptheme/Dracula/widgets/tasks.svgz]
10222936373337856958=3.999997434481598,20.000073915320137,90.00000475452761,1.9989543523639632
10315088893093668223=3.999997434481598,-9.999926084679862,90.00000475452761,1.9989543523639615
10537191116693308467=93.99999900353019,50.00004678463199,4.000000144120733,2.000012620091873
11071549770757468348=3.999997434481598,90.00046368789496,90.00000475452761,1.9995476036249897
1176628789425879803=-2.0879264250131032e-08,-30.00033259171997,4.000000030734909,2.00072865014997
11937188195086344383=3.9999999,91.999854,89.9999991,18.000156000000004
12857935839060607962=93.9999989657349,-0.002206752229992076,4.000000181916022,2.0022701134200305
13001720675603366403=93.9999974161286,30.000005764345147,4.000001731522332,2.000014820774844
13238813353104246520=134,-88.99999300000002,14,14
14555958741324136233=3.9999966785760805,5.2606930008391963e-05,90.00000551043313,2.0000485928249696
1500175204179087026=-2.0879264250131032e-08,92.00010879435601,4.000000030734908,17.99996239972404
15137540779243498835=-2.0879264250131032e-08,32.000008794355914,4.000000030734909,18.000037990276077
15603429867143802963=93.99999900353019,139.99994339880416,4.000000144120733,2.000088210643895
16041854715621289208=93.99999900353019,120.00002073546996,4.000000144120733,1.999955398620017
16194375367721237300=-2.0879264250131032e-08,89.99991128469507,4.000000030734909,2.00016738401996
16851424627232131014=93.99999904132547,2.000008794355915,4.000000106325459,18.000037990276077
16899891843366045209=-2.0879264250131032e-08,2.000008794355915,3.9999998795538043,18.000075785551985
17335788796891035416=-2.0879264250131032e-08,122.00008099908007,4.000000030734909,18.000000194999956
17479979370556982461=3.9999999,31.999486,89.9999991,18.000514
17714569995749723766=93.99999900353019,110.00003339880415,4.000000144120733,2.000088210643895
18246027565904664784=-2.0879264250131032e-08,-27.999991205644086,3.9999998795538043,18.000075785551985
1950618563907126611=-2.0879264250131032e-08,-9.999953215368222,4.000000030734909,2.0000126200920834
2265696599305228269=93.99999900353019,20.00004678463199,4.000000144120733,2.0000126200918693
2280374145920823344=93.99999904132547,92.00010879435601,4.000000106325459,17.99996239972404
2414017225794469049=93.99999900353019,-9.999953215368008,4.000000144120733,2.0000126200918684
2517799994552964272=-2.0879264250131032e-08,139.99994339880416,4.000000030734909,2.000088210643895
2583876646718846595=93.9999989657349,-30.002246752230004,4.000000181916022,2.0022701134200283
3428413368226492703=3.9999999,-28.000894,89.9999991,18.0009049
4152229662206109321=-2.0879264250131032e-08,30.000012492240018,4.000000219711288,2.0006395908719625
4455732410627614538=3.9999999,122.00004,89.9999991,17.999970000000005
5334569189776120999=3.99999894629264,120.00009227143003,90.00000324271657,1.9999705163549777
5644691907963535002=-2.0879264250131032e-08,110.00003339880415,4.000000030734909,2.000088210643895
6284002352212190632=93.99999904132547,32.000008794355914,4.000000106325459,18.000037990276077
6447143897486604882=3.9999966785760805,30.000020732567943,90.00000173090552,1.9999897332479684
712747292578714294=93.99999900353019,121.9999809990801,4.000000144120733,18.000000194999956
7187046124252884922=3.999997434481598,110.00004241924812,90.00000475452761,1.9997858484360052
7302233539674767765=-2.0879264250131032e-08,-0.0002925917199574013,4.000000030734909,2.0007286501499704
7460885015325633517=3.999997434481598,50.00005816728401,90.00000475452761,1.999370100399986
7597442008044695671=-2.0879264250131032e-08,50.00004678463199,4.000000030734909,2.000012620091873
7627866228406619318=3.9999966785760805,-29.999987393070004,90.00000551043313,2.0000485928249674
8101762768523582794=-2.0879264250131032e-08,120.00002026452991,4.000000030734909,2.0000007518249845
8326187112671669520=3.9999999,1.9991511,89.9999991,18.0009039
8834611976567099504=-2.0879264250131032e-08,20.000046784631778,4.000000030734909,2.0000126200920825
9675600581294586513=3.999997434481598,140.0000534428681,90.00000475452761,1.999974824815979
9721841832981409195=93.99999904132547,-27.999991205644086,4.000000106325459,18.000037990276077
9725476402979742757=93.9999989657349,89.99971476896006,4.000000181916022,2.000318549970004
Invalidelements=2713402614,3758665314,1295384111,4164028386,583806137,3864187580,3636748818,4217233639,3962721368,3783305151,643934605,3507264103,2568189931,4075542547,1215999352,4272296342,1693717131,88594232,662378510,752602191,3080199279,1992888198,1829189157,2193014322,146473873,1849688768,1654989397,634161919,1107772064,270697184,70683548,3974135105,3625900212,2164050493,44529023,1799375638,3282313139,68241530,3534363652,1530219729,3942538515,670168841,3355637646,1696653862,2006145208,2705906885,520667456,2106289285,3274247228,1120268609,3696238042,1341319453,1585033937,1324859123,954282871,1518250574,2004260467,922809119,1796133439,1228368158,378895428,350433607,417447950,3779136356,1018157456,1632477903,3821880871,2057156306,2516258992,479131368,3147987335,1611173703,2237370416,2393098756,2818333917,1515177031,939356119,4071069025,4063403074,2017662154,4010008984,3413302227,4119685545,1737003589,759576770,596619340,4161148094,4129976674,4280854297,68725242,3238365378,2999652306,3442182598,1541608061,4060846959
LastModified=1785380232
NaturalSize=100,142

[/home/pd0rk1n/.local/share/plasma/desktoptheme/Dracula/widgets/tooltip.svgz]
10078575884651390122=51,5.999979814696985,6,6
10305918626175071176=63.99998,43.999718232666055,12.000003999999997,12.000298999999927
1177304006630793386=13,43.999979814696985,6,6
11879132358338423411=107.999965,12.000017232665982,11.999999500000001,32.000023000000056
12654350245328180756=131.99985,41.500061900000105,27.49999199999999,8.24999809999997
13206587576126893477=50.999985,12,5.999999500000001,32
1350433516092806745=75.999965,1.7232665982191975e-05,32,12
13684631732991008762=63.99998,1.7232665982191975e-05,12.000003999999997,12.000024800000006
14073539711384267638=63.999984999999995,26.000060000000076,6,4.000022899999976
14262757200233888894=159.49982,5.74982,8.250160000000022,8.25016000000005
15317950097531433646=159.4998319,13.999940000000038,8.2499981,27.49999200000002
15522473410724591791=131.99985,13.999940000000038,27.49999199999999,27.49999200000002
15900014203762699675=107.999965,1.7232665982191975e-05,12.00001499999999,12.000024800000006
17332331240164157394=123.74985190000001,13.999940000000038,8.2499981,27.49999200000002
18219235319668432383=13.0000045,12,5.999999500000001,32
18343662432860307077=159.49983,41.49995999999999,8.250160000000022,8.25016000000005
1990946351251250369=63.9999825,12.000017232665982,12.000001499999996,32.000023000000056
2179187901148872366=33,12,4,6.000024800000006
2775946212828781440=19.000000200000002,26,6.000003799999998,4
3013451073726385389=44.9999847,26,6.000015300000001,4
3223547581233251912=18.999985000000002,44,32,6
4322001651243212567=19.000004,12,32,32
5172235757572915457=90,50.000060000000076,3.9999997999999977,6.000022899999976
5445711484043469851=123.74968,41.49994000000004,8.250160000000008,8.25016000000005
557745580645838583=75.999965,44.00001723266598,32,12
5894586816224744742=18.999985000000002,6,32,6
6071419931700951255=33,38,4,5.999975199999994
7202070551187894584=90,0,3.9999997999999977,5.999977100000024
7312397020001950889=107.999965,43.999718232666055,12.00001499999999,12.000298999999927
8048236563739625390=114.00003290000001,26.000060000000076,5.999977099999995,3.9999768999999787
8500379067713153483=51,43.999979814696985,6,6
8754686200206166020=123.74983999999999,5.74982,8.250160000000008,8.25016000000005
8912861087231055848=131.99985,5.749940000000038,27.49999199999999,8.24999809999997
954098947965272041=13,5.999979814696985,6,6
973945756079101948=0,0,5,5
Invalidelements=2602918157,727478048,1315312198,3560466284,901863459,892300209,1931478012,2098468800,2817367948,220903287,2265174922,3057903492,2268216331,847512439,4189848310,2142412824,17755027,1337167747,2550777571
LastModified=1785380232
NaturalSize=173,56

[/home/pd0rk1n/.local/share/plasma/desktoptheme/Dracula/widgets/viewitem.svgz]
10269686621809599497=129.989983130164,13.01574008174697,48.021595905770425,3.999998692733982
10760556156782059318=78.00001000000003,15.015770757103894,4,48.000027200000034
11075114815745440813=146,93.24739462040009,4,48.01571999999999
11142084998082420412=129.98419121293202,68.99999789857856,48.02738415723198,3.999999919899608
11312978898990760070=26,10.999919999999918,4,4
11503094650302834979=29.98999679593436,11.015739999999937,48.02159224000005,4
11635054355166308891=30,15.015719999999988,48,48
12039639765695803027=45.00000096406558,141.46856000000014,48.02159224000002,4.000299999999925
12870135362538309771=93.00001,141.46839999999997,4,4.014979999999923
13387710189382637404=150,93.26324,48,48
13639044745436680015=198.00000999999997,93.2632707571039,4,48.00002719999998
13806398715627370965=93.00000000000006,89.46800000000007,4,4.000299999999925
15111668884377399544=198.00000999999997,141.26330000000007,4,4
16550794741570221102=26,63.015760000000114,4,4
16776395785638099708=146,89.24743999999987,4,4
16981030140002806707=49.928560000000004,-90.32326999999998,40,40
17210388280962777326=177.99998954122452,13.01574008174697,3.999998447142872,3.999998692733982
17287246433638936388=146,141.26326000000006,4,4
17646223157029849009=41,93.45249462040022,4,48.01571999999999
17653873075195817812=129.99999,17.015719999999988,48,48
17795903642814983302=44.98999679593439,89.46800000000007,48.02159224000002,4.000299999999925
2764879135621563528=78,63.01570000000015,4,4
3040668256494544310=122.99998900407996,16.99989462040014,4.000001600000019,48.01578001965015
5673712626663822610=122.99998900407996,69.0000078985284,4.000001600000019,3.999991619941227
6132897012927298829=41,141.46826,4,4.000299999999925
6137745047363799809=30.000000964065578,63.015760000000114,48.02159224000002,4
6638075953118126739=177.99998954122452,68.99999789857856,3.999998447142872,4.000001619891066
7418011480853048872=45,93.46828000000005,48,48
7625698745357440778=149.99999996406558,141.26316000000008,48.02159224000002,4
7925937468353874748=78.00000000000006,11.015739999999937,4,4
7928678674685545496=93.00001000000003,93.46837075710403,4,48.00002719999998
8341695596739314742=198,89.26325999999995,4,4
8557308657423010291=26,14.999894620400141,4,48.01571999999999
9309504115940726366=41,89.45302000000004,4,4.014979999999923
9430017599930671469=177.9999952555102,17.015770757103894,3.99999273285718,48.000087200034216
9463550354038758962=149.98999679593442,89.26325999999995,48.02159224000002,4
9579839783476771630=122.99998900407996,12.999974567431195,4.000001600000019,3.9999987370748045
Invalidelements=2489496877,2107630920,3074317961,2846956843,2703049310,3971142526,4032710642,1849264262,2637771351,3241722537,4017813064,1402042674,1606018300,4002786742,2896533075,2213052384,3008341584,2387909500,3813520152,2101763058,2987608575,1685967685,1912723014,1146078196,1671063295,1393318866,942103564,2707897514,2118470273,1912777755,796497244,3795661599,1173637421,3089460498,825627144,3961456876,3973239630,3582476564,3650695072,2019472100,4215705020,4186517170,2039299880,2357977244,3914446468,527469296,3514438831,3785827553,322998855,1304803154,4003653756,1731684828,2048015681,3894719919,429638654,1075527651,1631744394,266859990,2215843874,3355632143,1941081906,354233300,1027814276
LastModified=1785380232
NaturalSize=257,161

[/usr/share/plasma/desktoptheme/CachyOS-Nord-round/widgets/background.svg]
10005567943073601862=48,37.000004,24,4
12297648327192499786=28,48.999990000000025,20,24.000013999999965
12347933764177815570=4.000000026666665,5.000003228000045,24.000000039999982,24.000000039999982
13913533256699392197=47.99999993333336,5.0000030215402,24.000000039999982,24.000000039999982
14243328403939262577=28.00001452,29.000000698809252,19.99997056,19.99997056
14807833657949965267=47.99999993333336,49.000004731999944,24.000000039999982,24.000000039999982
14994702987749018854=28,5.00000399999999,20,23.999986000000035
17572703383423979269=36,49.000008,4,24.000000000000007
3285662835167044191=5,5,5,5
3468863988407994495=3.999999228000105,49.000003933333346,24.000000039999982,24.00000003999999
5106571276207665061=36,5.0000043,4,23.999987
5945438653397438446=48,29.000000698809252,24,19.99997056
8745898286215153793=4,29.000000698809252,24.000015,19.99997056
9145168096230132378=4,36.999989,24,4
Invalidelements=1888979824,3485464879,428978592,2375881179,1358867532,3346369029,299000244,1714508243
LastModified=1784226728
NaturalSize=80,80

[/usr/share/plasma/desktoptheme/CachyOS-Nord-round/widgets/clock.svg]
2215464597622631989=-4,-2,208,208
6851570096963072994=117,91,18,64
898196615199919166=64,94,12,85
Invalidelements=2747397036,888647403,221016626,805863177,2250268689,3637814656
LastModified=1784226728
NaturalSize=200,200

[/usr/share/plasma/desktoptheme/Iridescent-round/widgets/background.svg]
12367564367236925128=48,29.000000698809252,24,19.99997056
15498801439551698559=4.000000026666665,5.000003228000045,24.000000039999982,24.000000039999982
18004506876834030313=28.00001452,29.000000698809252,19.99997056,19.99997056
229411437808843296=28,5.00000399999999,20,23.999986000000035
3120871178043163768=4,36.999989,24,4
4011802801567574675=5,5,5,5
4462631295129631098=48,37.000004,24,4
477601819485865899=36,49.000008,4,24.000000000000007
5097488303852531376=47.99999993333336,5.0000030215402,24.000000039999982,24.000000039999982
5638087828588823658=36,5.0000043,4,23.999987
6245251574141001151=28,48.999990000000025,20,24.000013999999965
7805431433552436196=3.999999228000105,49.000003933333346,24.000000039999982,24.00000003999999
8621755557797547382=47.99999993333336,49.000004731999944,24.000000039999982,24.000000039999982
9541315096111648614=4,29.000000698809252,24.000015,19.99997056
Invalidelements=2720823087,2699095297,2242257307,483166731,1840864139,2146262035,1230723662,1402246946
LastModified=1643806931
NaturalSize=80,80

[/usr/share/plasma/desktoptheme/Iridescent-round/widgets/clock.svg]
13966511839878878806=117,91,18,64
17361540009867569493=-4,-2,208,208
9258782614193529144=64,94,12,85
Invalidelements=2807575520,1069417790,1472024843,1059930847,4054948375,2651947489
LastModified=1643806931
NaturalSize=200,200

[/usr/share/plasma/desktoptheme/cachyos-emerald-color/widgets/background.svg]
10069582269526761386=10,26,24,4
10943507155203307210=0,-1.4648e-05,5,5
12074938852638410938=34,44,32,24
12594585591552728980=10,44,24,24
13515237262742204164=48,44,4,24
16898583243121590072=66,-12,24,24
17180332611926902844=34,12,32,32
2144880083073628182=10,-12,24,24
3068576957274040061=48,-12,4,24
3536478694979270376=10,12,24,32
4935304242666485536=66,44,24,24
522183618807899138=66,26,24,4
6643694496426633786=66,12,24,32
8580086141441368821=34,-12,32,24
Invalidelements=1984004929,948347419,2933214563,2286393110,2140859169,2788559088,2502974380,2564129510
LastModified=1645899397
NaturalSize=121,56

[/usr/share/plasma/desktoptheme/cachyos-emerald-color/widgets/clock.svgz]
10145206103981586942=-265.82643600000006,29.17355950000001,141.65288100000004,141.652881
10888814741195766252=-55,95,10,10
13693991791302344172=100,70,4,2
15164825899298064120=-7.000030000000038,-6.999990000000025,214,214
16611958074266954279=61.99999624168411,94.00000068799342,12.00000393505021,84.99999953993908
234313579051882761=31.000001011646244,90.99999647705567,17.999999934070257,64.00000776558309
Invalidelements=789826132,2800339570,577292151
LastModified=1645899397
NaturalSize=200,200

[/usr/share/plasma/desktoptheme/cachyos-emerald-light/widgets/background.svg]
12626688413259348872=34,44,32,24
13767114837274973578=66,12,24,32
14204736404928016710=10,44,24,24
1463168730863018844=48,-12,4,24
15081340602817198469=34,-12,32,24
15110432760421771214=10,-12,24,24
15699436334307698770=66,-12,24,24
17694077413863964845=66,26,24,4
2255589957091690281=66,44,24,24
3367928301551483371=34,12,32,32
5046195614604633346=48,44,4,24
5257319814647764331=10,26,24,4
687181705776907976=0,-1.4648e-05,5,5
9761156662333377772=10,12,24,32
Invalidelements=959991868,2540389681,795022684,323465229,3872421696,3887935794,2478154551,3759939532
LastModified=1645899397
NaturalSize=121,56

[/usr/share/plasma/desktoptheme/cachyos-emerald-light/widgets/clock.svgz]
10484637728299679016=-55,95,10,10
11152039311957206391=-265.82643600000006,29.17355950000001,141.65288100000004,141.652881
12023740585073058728=61.99999624168411,94.00000068799342,12.00000393505021,84.99999953993908
2787438268888329757=100,70,4,2
7068990147048689342=31.000001011646244,90.99999647705567,17.999999934070257,64.00000776558309
737875832881328150=-7.000030000000038,-6.999990000000025,214,214
Invalidelements=174245389,1813801693,2733903268
LastModified=1645899397
NaturalSize=200,200

[/usr/share/plasma/desktoptheme/cachyos-emerald/widgets/background.svg]
11271442088627589747=10,-12,24,24
11275391052681575728=34,-12,32,24
11862339060513877492=34,12,32,32
14992883769549454593=10,44,24,24
15212189593700418348=34,44,32,24
16186365693849856499=66,26,24,4
17252067056992818657=66,-12,24,24
17460477341649654668=66,44,24,24
4215188336738309898=10,26,24,4
4888170188546901982=10,12,24,32
5323995053186110584=0,-1.4648e-05,5,5
5394098475121136178=48,-12,4,24
7390807445146587654=66,12,24,32
9631632125556284941=48,44,4,24
Invalidelements=3165894292,2808991292,2145106280,207669012,3222077439,4038337683,4067353752,3164150290
LastModified=1645899397
NaturalSize=121,56

[/usr/share/plasma/desktoptheme/cachyos-emerald/widgets/clock.svgz]
14882385001193830148=61.99999624168411,94.00000068799342,12.00000393505021,84.99999953993908
17565821207194814786=-7.000030000000038,-6.999990000000025,214,214
795577001021139366=-55,95,10,10
8457702544025345135=-265.82643600000006,29.17355950000001,141.65288100000004,141.652881
8749365062889325264=100,70,4,2
8780686720558940255=31.000001011646244,90.99999647705567,17.999999934070257,64.00000776558309
Invalidelements=640249631,2648017669,1457892621
LastModified=1645899397
NaturalSize=200,200

[/usr/share/plasma/desktoptheme/default/dialogs/background.svgz]
10189291340834096637=0,16,6,32
10221555472867612014=0,0,5,5
1102603265047876438=20,10,4,1.000000082740371e-08
11230910005005975415=151,10,6,6
11558565749442909382=119,10,31.999989999999997,6.000021
12603949072977652696=151,48,6,6
13562973176553637492=47,0,16,16
14401933047714684534=76,0,2,10
15422135100767327022=95,48,16,16
15540815347689755143=0,30,4,4
15937235768556173134=95,16,16,32
1737335114114203015=113,48,6,6
18077848861185349567=47,16,16,32
18097553798856818332=20,54,4,1.000000082740371e-08
1941290067416907530=47,48,16,16
195480854079667089=0,30,9.9999999e-09,4
285680792491171904=113,10,6,6
2957461675116068184=44,30,1.000000082740371e-08,4
3498561693503031362=119,47.9999785,32.00000800000001,6.000021500000003
3775131154142976223=95,0,16,16
3942987132083785464=151,16,6,32
4391302088612111517=20,50,4,4
4545879315489900985=40,30,4,4
5228364588640485730=6,48,32,6
7374357610887863405=101,33,10,2
7411584813090201211=47,29,10,2
7601064269922190876=76,54,2,10
805681367265602197=6,10,32,6
8125146683419331872=63,48,32,16
8136421855579850787=113,16,6,32
832280050562160540=20,10,4,4
9435334713286908158=38,16,6,32
9553695515385153581=63,0,32,16
971608126687136371=119,16,32,32
Invalidelements=1138087760,1312594693,74509683,4229879575,1300490041,1214771831,2715118670,796931386,2061553397,332176399,549880172,4057086856,649498723,1249411406,526468865
LastModified=1785909196
NaturalSize=157,64

[/usr/share/plasma/desktoptheme/default/solid/dialogs/background.svgz]
118611435558735111=5.9999984,48,32,6
12002860245690046681=37.999998,16,6,32
12838330209224787695=113,16,6,32
12911644465814582031=20,54.000004,4,1.000000082740371e-08
13329256818874317581=119,16,32,32
13675670972725865637=20,50.000004,4,4
13771901773156199421=0,0,5,5
14957227376090699351=119,47.999982499999994,32.00000800000001,6.000021500000003
15486690027860089829=20,10,4,9.99999905104687e-09
16074055435428429670=113,9.9999999,6,6.000000099999999
16327677436850402253=5.9999984,16,32,32
17095861357407363896=39.999996,30,4,4
17688295335908827208=37.999998,48,6,6
2378255050251887405=43.999996,30,1.000000082740371e-08,4
2921913262063748379=0,30,9.9999999e-09,4
3428649106986491432=-1.614502e-06,48,6,6
3489392161667302847=37.999998,9.9999999,6,6
3542993099669903739=5.9999984,9.9999999,32,6
3829239444024748582=0,30,4,4
3894005991318284245=151,9.9999999,6,6.000000099999999
5051229602610197802=151,16,6,32
5203596744321059349=-1.614502e-06,9.9999999,6,6
5472317553775926783=119,10,31.999989999999997,6.000021
6692279506239823596=20,10,4,4
71073352722669696=113,48,6,6
7725884956935060190=151,48,6,6
8501788180104172942=-1.614502e-06,16,6,32
Invalidelements=3659379219,992968257,4064305553,244280235,649349706,659694389,2730842021,916607678,550088629,3314550186,2071505762,3102193978,562847764,3441943818,2981323794
LastModified=1785909196
NaturalSize=157,64

[/usr/share/plasma/desktoptheme/default/solid/widgets/panel-background.svgz]
10631978066369094628=40,30,4,4
10712154222176279320=119,16,32,32
10954538907239173558=119,10,31.999989999999997,6.000021
11413195055062955262=113,16,6,32
11554805376686308246=20,50,4,4
12195694440767999100=20,10,4,4
12333965548010234694=20,10,4,9.99999905104687e-09
12537098194195690345=113,48,6,6
13804945759302314229=119,47.9999785,32.00000800000001,6.000021500000003
1390397117104436735=38,10,6,6
1438399830176797154=38,48,6,6
14599692836408561197=0,10,6,6
16865780723639776838=6,48,32,6
16918808384859908709=0,30,4,4
2603408345348875431=0,30,9.9999999e-09,4
2812900832416877724=151,16,6,32
3368737969563159551=6,10,32,6
3789408311929505378=38,16,6,32
5304816687819018187=6,16,32,32
7201341576729097423=44,30,1.000000082740371e-08,4
7504121114084741100=151,48,6,6
8812631171707934412=0,0,5,5
9188591297417392028=0,16,6,32
9298358502072190019=20,54,4,1.000000082740371e-08
9868356777050771517=0,48,6,6
Invalidelements=3327261287,1657760048,1750354284,3952121463,4088172797,2614700299,3467873806,774325483,3555409781,3355653822,2410673290,700164208,2032848906,1082196909,3934771081,2307935857
LastModified=1785909196
NaturalSize=157,64

[/usr/share/plasma/desktoptheme/default/solid/widgets/tooltip.svgz]
10294062587058495333=0,0,5,5
11562103703003061004=44,30,1.000000082740371e-08,4
11791365123055152285=0,30,9.9999999e-09,4
11937497470840660234=95,0,16,16
13073048288665303355=20,54,4,1.000000082740371e-08
13089561547218082865=6,16,32,32
14524329673637088676=0,16,6,32
14628023868577834920=20,10,4,4
14868002214324676421=63,48,32,16
14994723555953331380=63,0,32,16
15801596276405955916=0,10,6,6
15919821079383346766=38,48,6,6
16587326975200236027=0,30,4,4
17094016431075508367=95,48,16,16
1719741336178299880=47,0,16,16
17438658499327837265=76,0,2,10
17645927016959236165=38,16,6,32
17664969910651514891=47,48,16,16
181757524321555877=80,54,2,10
1818018308445349340=101,33,10,2
2290327356942645069=101,29,10,2
2545404578278820447=63,16,32,32
2887423774903878021=76,54,2,10
3709502836215571357=47,29,10,2
4539134900125085210=20,50,4,4
4927256152666844748=80,0,2,10
5100819450473768745=47,16,16,32
5816384972826390566=40,30,4,4
6536014210177837783=95,16,16,32
7015313085614088098=20,10,4,9.99999905104687e-09
7153101781027778091=47,33,10,2
718429752929991909=6,10,32,6
8043617831027803187=6,48,32,6
9267111387751568485=0,48,6,6
9942331528716941729=38,10,6,6
Invalidelements=735666949,1541998941,3028815709,3373498612,3449316898,3623047402,3764908584,2525824072,713180407,2136889322,2589435391,921982239,1580560392,3797503028,2088734187,2667405095
LastModified=1785909196
NaturalSize=157,64

[/usr/share/plasma/desktoptheme/default/translucent/dialogs/background.svgz]
10188545701106301031=119,47.9999785,32.00000800000001,6.000021500000003
10270739980835545421=47.000002,47.999999,16,16
10518976205594079422=151,47.999999,6,6
10641903947343692668=2.0288086e-06,9.999999,6,6
11500112167508928396=113,9.999999,6,6
11593829333787399205=76,0,2,10
11934539916671883455=0,0,5,5
12407342386158631073=6.000002,47.999999,32,6
12850583207139731443=95.000002,-9.999999992515995e-07,16,16
13140346609236293016=0,29.999998,4,4.0000000000000036
13374587430765675885=20,10,4,4
13385447178869004956=119,16,32,32
13537897244530322537=76,54,2,10
13794397706141580839=38.000002,15.999999,6,32
14003739961910778182=0,29.999998,9.9999999e-09,4.0000000000000036
15410417644454903861=44,29.999998,1.000000082740371e-08,4.0000000000000036
15553875359628302949=63.000002,47.999999,31.999999999999993,16
15734862915401521662=113,47.999999,6,6
15852939405758345867=2.0288086e-06,47.999999,6,6
1591960453898006842=95.000002,47.999999,16,16
15970700254762406387=47.000002,-9.999999992515995e-07,16,16
16263536318637126915=2.0288086e-06,15.999999,6,32
17295922776359869050=38.000002,47.999999,6,6
17545156343835149403=47.000002,15.999999,16,32
17575275011538531072=101,33,10,2
1790998062644394472=38.000002,9.999999,6,6
18311219739401713412=151,16,6,32
3300083654572781123=20,54,4,1.000000082740371e-08
3694641097029091789=151,9.999999,6,6
3901648237775029071=40,29.999998,4,4.0000000000000036
4727348088750322455=47,28.999998,10,2
4817335788305448177=113,16,6,32
5368421391968688665=95.000002,15.999999,16,32
716595032978090234=6.000002,9.999999,32,6
8389621194307035203=119,10,31.999989999999997,6.000021
89904890972020492=63.000002,0,31.999999999999993,16
9227696966534622687=6.000002,15.999999,32,32
9229096415103316272=20,50,4,4
9960660982408063991=20,10,4,9.99999905104687e-09
Invalidelements=3479032117,2637768836,2241987328,3374732097,3256426645,2972263841,56059021,397787534,3939635917,3935678967,2427214103,1944920377,1691168940,3947774366,3672759421,2612143680,100861152,830061800,1359361039,360005000,3219807885,709181321,71966806,1687770615,1446387672,1492325248,244388908,998064356,3450279917,1543521764
LastModified=1785909196
NaturalSize=157,64

[/usr/share/plasma/desktoptheme/default/translucent/widgets/background.svgz]
10233125652503941432=34,67,4,8
11814161548862006015=49,49,8,4
14661724620146183728=43,44,14,4
2078379178927397364=34,19,4,8
4895023113415970346=45.000465000000005,30.999396500000028,11.999541999999991,32.00059126923999
509815327639968829=28,19,4,14
5581989552088324384=1,44.062355,14,4
6927146187616629520=1.00000399999999,30.999396500000028,12.000001999999995,32.00059126923999
7123931357042330189=1,49,8,4
742504009927682550=13.00001200692786,63.00000000000003,32.00045319307214,11.999799999999993
7441692210262442013=5,8.625,5,4.375
9249538664119255737=13.00001199313462,19,32.000451206865385,11.999400000000009
94525463876150300=28,61,4,14
Invalidelements=2086402999,3822902612,669503162,1869659358,2937040825,953463241,1961073862,930144321
LastModified=1785909196
NaturalSize=148,148

[/usr/share/plasma/desktoptheme/default/translucent/widgets/panel-background.svgz]
10478419546628336647=101,33,10,2
11074473721608217503=113,10,6,6
11143358504526700287=48,95,8,4
11180718462342997726=38,48,6,6
11184107201719100095=63,48,32,16
12425492011562612707=0,48,6,6
12896110823950720175=40,30,4,4
12919405000212450925=6,16,32,32
12922444125524313828=12,95,8,4
13290871228004106010=38,16,6,32
13626135055585048238=151,48,6,6
13752231462054244500=0,10,6,6
14011967238767547009=47,29,10,2
1418444235088759657=119,10,31.99999046330001,6.000020980830001
14354722462968668765=0,30,9.99999993923e-09,4
15507542142837815470=113,48,6,6
15715406574920611156=95,0,16,16
16565658440238155077=20,10,4,4
16604287652951123801=95,16,16,32
16620490074287402685=38,69,4,8
17301712007778043522=6,10,32,6
17665680658469154618=20,50,4,4
17683130621652796799=76,0,2,10
2019759706486695034=44,30,1.000000082740371e-08,4
2433357636929042949=63,0,32,16
2948428606033271334=119,16,32,32
3542637968312551026=47,0,16,16
3649232148827583350=38,10,6,6
3699078471172122850=151,16,6,32
3932563477910179367=0,0,5,5
4017031207355273098=95,48,16,16
5154606977712601969=6,48,32,6
5585824117532056782=19,75,32,32
5673782493097136433=113,16,6,32
5709874541718014264=47,48,16,16
6568394421652783363=151,10,6,6
6669192061162821130=47,16,16,32
7747954260483528799=20,54,4,1.000000082740371e-08
8505357005646872648=76,54,2,10
9031370793352174786=119,47.99997854233,32.00000762939999,6.000021457670002
9201690071016741677=0,30,4,4
929005292298943495=39,105,4,8
9603211439206362944=0,16,6,32
9889300413791946203=20,10,4,1.000000082740371e-08
Invalidelements=3837710375,610900568,368235581,1643264186,81679210,1682783938,648328322,2001784703,2020986006,1605369441,2142040630,3042059641,80238729,316439240,816562139,1425902035,3687235007,62597054,4276393731,3335624901,4282044320,4220983908,263842011,2806431531,3646556786,2315911385,94862200,3068838242,1902324199,1360949339,2337599871,1325113376,4212698575
LastModified=1785909196
NaturalSize=157,64

[/usr/share/plasma/desktoptheme/default/translucent/widgets/tooltip.svgz]
10054071839217371090=119,16,32,32
10604977360549268113=101,33,10,2
10609101952902583871=119,10,31.999989999999997,6.000021
10643920096593594393=76,0,2,10
10895844376509992126=0,29.999998,4,4.0000000000000036
1094723814563913766=113,48,6,6
11625744934493283153=95,0,16,16
12587933519048255758=20,10,4,4
13451777503159392787=63,0,32,16
13509296280819424537=44,29.999998,1.000000082740371e-08,4.0000000000000036
1370055693046235163=95,16,16,32
14414405924534635027=38.000002,47.999999,6,6
14473506352993975016=20,10,4,9.99999905104687e-09
1463399328688492868=6.000002,47.999999,32,6
14681891756351939740=38.000002,15.999999,6,32
1520183117375959673=113,16,6,32
15367641500878680979=47,48,16,16
1616225164059687178=20,54,4,1.000000082740371e-08
16316982383041272157=151,16,6,32
16448597250105698483=119,47.9999785,32.00000800000001,6.000021500000003
16593620397574808041=2e-06,47.999999,6,6
17768172267767792437=47,29,10,2
18146466916338152847=0,29.999998,9.9999999e-09,4.0000000000000036
2019419867089584937=0,0,5,5
2264696003975766108=151,10,6,6
2831040527724716776=151,48,6,6
3015339894901005083=40,29.999998,4,4.0000000000000036
3452266262497965074=95,48,16,16
3891750227822919227=47,16,16,32
3898887660220945169=76,54,2,10
457127376170132409=6.000002,15.999999,32,32
4589376208616222264=47,0,16,16
479422243450018397=20,50,4,4
7195601583726501061=2e-06,15.999999,6,32
747028572011788833=2e-06,9.999999,6,6
7562773270977587609=63,48,32,16
779298237708995083=6.000002,9.999999,32,6
8401038866678032511=113,10,6,6
9379920180542566829=38.000002,9.999999,6,6
Invalidelements=2379283393,4133605811,1673796198,1708920189,1785983,18717763,1651773800,168106536,724664891,3897915959,1882568356,3381628597,2140933935,453546870,3990868808
LastModified=1785909196
NaturalSize=157,64

[/usr/share/plasma/desktoptheme/default/weather/wind-arrows.svgz]
LastModified=1785911066
NaturalSize=88,110

[/usr/share/plasma/desktoptheme/default/widgets/actionbutton.svgz]
11999178964779767423=86,17.999999000000003,16,16.000000999999997
13235278943558118850=36,10,24,24
14134821100067798160=62,114,22,22
14450550358121964403=62,46,22,22
15230276142976664998=86,52,16,16
16432707008555529445=86,86,16,16
17828513926690314901=36,78,24,24
18395795102610024881=86,120,16,16
3309833900284465493=36,112,24,24
4684651228031372994=62,12,22,22
8056860587013162676=62,80,22,22
8553702493320920461=36,44,24,24
Invalidelements=3857322074
LastModified=1784121357
NaturalSize=104,138
focus=22x22,16x16,24x24,
hover=16x16,22x22,24x24,
normal=22x22,16x16,24x24,
pressed=22x22,24x24,16x16,

[/usr/share/plasma/desktoptheme/default/widgets/arrows.svgz]
14229412409801914594=15.000004000000002,30.000002999999992,13.999992999999998,13.999995000000013
LastModified=1785909196
NaturalSize=44,44

[/usr/share/plasma/desktoptheme/default/widgets/background.svgz]
11518920897996793554=1.00000399999999,30.999396500000028,12.000001999999995,32.00059126923999
11950287379198058105=1,44.062355,14,4
12643128248305452607=34,67,4,8
13143331155699414065=45.000465000000005,30.999396500000028,11.999541999999991,32.00059126923999
13436930543742088663=13.00001199313462,19,32.000451206865385,11.999400000000009
1810449142453828739=28,61,4,14
2875948895597077711=1,49,8,4
3418283371709470637=28,19,4,14
5273119170414193345=43,44,14,4
5632331485511187381=49,49,8,4
5810467846814145893=5,8.625,5,4.375
8013028769674897492=13.00001200692786,63.00000000000003,32.00045319307214,11.999799999999993
8948076743542662624=34,19,4,8
Invalidelements=2330644860,748341549,1723052622,1672417203
LastModified=1785909196
NaturalSize=148,148

[/usr/share/plasma/desktoptheme/default/widgets/bar_meter_horizontal.svgz]
1015071147957267314=8,10,3,3
10244353001245823766=0,10,3,3
10766610528639531365=19,10,3,3
10770877197890028177=0,2,4,4
11441030889480910908=19,14,3,3
12254239188983611648=4,10,3,3
12922681744553299096=6,0,6,6
13568308730433761182=8,14,3,3
15790683231718072830=0,6,3,3
1719175253226994547=11,10,3,3
18136442098674576996=11,6,3,3
2013114260180999127=4,14,3,3
2465482597590535645=11,14,3,3
2543101563086066178=8,6,3,3
3843343695164764037=15,6,3,3
4027283507518769391=15,10,3,3
7049412715329057089=0,14,3,3
7535921682570076473=4,6,3,3
7637674399577603060=19,6,3,3
9000396981241904793=15,14,3,3
Invalidelements=178825776,3129543082,1887684597,945155181,207004263,927446819,4148933864,2985469462,2230841200,2155595942,4145641287,424131468,1337783297,3519666445,536428258,4201316899,2660611012,85025579,1466921976,1474986241,459631963,765587867,3700846021,3535659409,2521314567,2887264618,2479945737,3316211307,698285399,1939359158,3393945475,634734681,3782685644,4076892017,40350845,2570179253,1242450768,1980012609,166980576
LastModified=1785909196
NaturalSize=22,17

[/usr/share/plasma/desktoptheme/default/widgets/busywidget.svgz]
11995572718812825284=-3.600000010317572e-07,0,35.983334,35.98333400000001
18175104940135579886=51.329166,279.53748,5.820833700000001,5.82083369999998
4289834276015712535=58.472801,281.12497,4.233333600000002,4.23333359999998
Invalidelements=785537253
LastModified=1785909196
NaturalSize=136,136
busywidget=4x4,6x6,4x4,6x6,4x4,6x6,4x4,6x6,

[/usr/share/plasma/desktoptheme/default/widgets/button.svgz]
10131869785555996595=244,127,18,5
10310352257741322804=172,167,7,7
10406226133989139535=182,129,18,5
10687701738923888955=238,192,4,2
10961654387780506973=174,184,5,18
1107282107410052010=172,136,7,7
11348063360581600617=252,170,2,2
11628797012600913894=182,100,18,5
11639483400770153047=203,167.00000000051,7,7
11706478983437321948=203,136,7,7
11763565426394681363=236,165,7,7
11790775335165894780=244,102,18,5
11889820675788468506=190,100,2,0.0010000000000047748
12101332243429266128=263,184,5,18
1211955920274844559=238,108,5,18
12132667327025891951=182,62,18,5
1228896452349265854=174,108,5,18
12307951166048161913=263,178,5,5
12360625238345919234=208,116,0.0010000000000047748,2
12650999384768090627=182,184,18,18
12698624558873216121=190,176,2,6
1270565121691894023=190,134,2,0.0010000000000047748
12824644044372122800=174,78,6,2
12953517124758426577=238,127,5.000000000000028,5
12967960201921897051=268,154,2,2
13049037076159713124=203,53,8,8
13471849714016058061=244,108,18,18
13537629859323209058=244,165,18,7
13727029596939835916=174,62,5,5
13780454129800037832=174.00000000000003,100,4.999999999999972,5
14151577484220454750=236,138,7,7
14160986329843125766=174,129,5.000000000000028,5
14239599963779984361=203,108,5,18
14386217790234567682=244,146,18,18
14505299465404761877=182,136,18,7
14584561129131827809=236,146,7,18
14649325468508643333=263,145.99999618000004,7,18.00000001800001
14887184373677044306=203.000000001,176,5,5
15048158949418883387=58,62,18,5
1527097613993779274=238,184,5,18
1531119116030932344=203,91,5,5
15598284799407678536=174,116,0.0010000000000047748,2
15685022922134910766=262.99999999999994,127,5.000000000000057,5
15799999084662984509=182,70,18,18
16054124584926863803=238,178,5,5
16074657226601192146=50,62,5,5
16206130854644637218=203,70,5,18
16282744724636389319=263,108,5,18
16484272180824815396=252,102,2,4
16727541135632202849=174,70,5,18
16934929330176128981=174,91,5,5
17162039476703727920=208,40,3,2
17172168931023686787=236,154,2,2
17398129865347799932=182,146,18,18
17937492381608620005=203,62,5,5
18232201055476891387=190,62,2,6
18296793906300616767=238,203,5,5
18356639741169747758=264,116,4,2
1843192171355443667=172,146,7,18
197889590511154325=263,203,5,5
2491739494350206577=244,184,18,18
2500349580410317319=203,100,5,5.000000000000014
2554838420116662568=252,128,2,4
2592112743524802164=182,108,18,18
269502875866585667=-12,76,3.9999999000000006,4
2734826851747485478=203,184,5,18
2770097806051095993=203,129,5,5
3551445016508945110=252,204,2,4
3640496119540428883=202,192,6,2
3664813738378595097=190,21,2,3
3747799899944138039=174,192,6,2
3898600078697780257=252,138,2,2
4281470999627069000=50,91,5,5
4341470547975252094=50,70,5,18
4425302727396655731=182,167,18,7
442674114702971063=190,172,2,2
4605752080916912273=238,116,4,2
463188627861111982=190,136,2,2
5038859239128538919=174,176,5,5
5212244270300143206=171,53,8,8
5379265434753588016=-12,192,3.9999999000000006,4
549569858787035637=171,21,8,8
5590511531095242270=202.99999999800002,204.99999999800002,5,5
5650016021713269304=171,32,8,18
5665507336449776267=203,21,8,8
571374016321558488=58,91,18,5
5724197823299805447=79,70,5,18
5740601498038180768=174,205,5,5
5944159255981352772=263,138,7,7
6026005701479175108=172,154,2,2
6213578161661643591=264,192,4,2
6216138656922655467=263,102,5,5
6346026138309399201=182,176,18,5
6708813881808963935=190,58,2,3
6817040098805287387=202,78,6,2
6921938682061559671=244,178,18,5
6992154089726414537=244,138,18,7
7076776125552342180=203,31.999998912499997,8,18.000001718478302
7272475900609479868=79,91,5,5
7381323075138458019=182,205,18,5
7460570111274295561=79,62,5,5
7576120813810878803=58,70,18,18
7715606723017514772=238,102,5,5
7802309583897782074=182,21,18,8
7915673098053670277=244,203,18,5
7959825827083157376=182,91,18,5
8655781368311839745=208,154,2,2
8868269373020438114=190,204,2,6
8929924423285950220=190,90,2,6
9064887077046139422=263,165,7,7
9384710004739302294=252,178,2,4
9633878670758530791=203,146,7,18
9687315686103798114=182,32,18,18
9792378996145008560=182,53,18,7.999999999999993
9797196763572458851=171,40,3,2
Invalidelements=1112823606,1963592574,1478626575,2235992443,40874111,2978850663,3191744713,1075057978,1829274707,985628625,3328619804,2645736821,246498080,3274091166,1615572271,1869166696,820562087,970869279,1670093369,1512686262,2767288214,331202483,2630477893,2538814908,2361625957,2395216551,332040211,2344753249,747286762,837993280,2045792664,2545702985,3945949834,1880236918,2783502234,2299201398,3369513088,664286433,1613661685,514501140,3070987628,2726203903,423927945,1378355124,941792390,1800757377,2598468584,1453539799,3737195709,1109541052,2673809705,2253042053,1738537413,3159388780,1486331907,65558313,1906486752,1422383120,3173762143,400124745,800328784,3305417363,3256375132,970288775,1234688850,3547367653,3923554674,1660675820,1517431947,351254588,2446211476,2008277632,94338228,300263823,3503145751,812845255,2321902002,328622310,586877476,4101599668,2033610028,828799058,1280869377,3069101281,2154032419,2309007238,3533094010,991428469,2524114411,276997379,3729578514,3545707938,2469638924,676725875,1115556477,4125955643,1512379988,1734783761,1690940990,630623505,4119990396,3252261470,3440664175,1526673587,2762367972,1313408310,1651670792,3907103936,3111521609,1051222075,1255855496,2532287788,2441469355,580819196,2405318537,2961352204,912657746,4011035356,2064461845,2671529879,1359540098,2205895302,1750758611,3463041696,2437926218,2463483795,456914678,4232369586,3732797525,3291392014,2391115601,3650787396,4158293232,1272470178,647394717,3242943256,2511826965,3147121969,1625733363,1837824502,450165393,482380839,3956202254,2702361708,4281868839,3544754699,2683617086,2403733562,1590335522,106491190,3580620895,1466211096,874155014,839339119,1258247844,26069510,175231636,4154279982,2901048881,3376216581,2523318429,918731147,2564062184,84303603,1190073475,1804650783,3229928454,4139923784,418683662,1149361298,1705983922,295388599,2972937127,3583442018,1880682853,3574513441,1933720540,3326437115,2858168148,3584021019,3809239393,2948278967,766639616,1760718323,3026255637,1823397461,2540315707,4165223004,4080280020,3982014146,2587019615,2503910705,616452227,1704060248,1303116381,2161051500,1081703731,2145343857,881670011,447518558,1442240863,4113152275
LastModified=1785909196
NaturalSize=288,224

[/usr/share/plasma/desktoptheme/default/widgets/checkmarks.svgz]
7586473311631716838=0,0,16,16
LastModified=1784121357
NaturalSize=16,32

[/usr/share/plasma/desktoptheme/default/widgets/clock.svgz]
10429946881579049583=100,70,4,2
14033939711812202620=31.000001011646244,90.99999647705567,17.999999934070257,64.00000776558309
14128637503734103939=61.99999624168411,94.00000068799342,12.00000393505021,84.99999953993908
15059653605848708357=-55,95,10,10
2469396557110427652=-7.000030000000038,-6.999990000000025,214,214
4985417521347910903=-265.82643600000006,29.17355950000001,141.65288100000004,141.652881
Invalidelements=2938655896,3778893916,2796776029,312025662,284136862
LastModified=1784121357
NaturalSize=200,200

[/usr/share/plasma/desktoptheme/default/widgets/containment-controls.svgz]
11991588404166690844=71,66,10,12
12852253812202003649=70,29,10,12
1354936003879113805=70,28,10,1
1399248176249950761=71,65,10,1
14701735437971244704=61.99999940986387,48.00000027555605,28.000000637361275,19.000000432495156
15447630429825895276=59.99999940986388,0.9999992919487966,28.00000063736129,19.000000432495156
17178145594459696710=71,78,10,1
17833104221730421226=90.00000320954504,7.499999843592452,36.0000008194645,15.000000341443542
18275965249808880788=89.99999697099047,22.49999984359245,36.0000008194645,15.000000341443542
2669058650423980833=89.99999997099046,63.999999843592455,36.0000008194645,15.000000341443545
5897932859380506328=70,41,10,1
7181288315197534314=90.00000320954504,48.999999843592455,36.0000008194645,15.000000341443545
7897342278624710113=4,6,1,42
9320050990227235654=-10,0,5.2207794,5.4025974
Invalidelements=675906509,4294895893,393178264,1395687420,343650312,3055007801,2312520918,4248166484,1288227124,3478174729,337528874,2401326938,4272389050,127729351,3137555831,4090116090,3365609435,1731838246,3886398162,1176411681,1682335902,1778884758,686476434,259237269,3805579730,696216622,857242120,2350773848,948634863,3697324092
LastModified=1784121357
NaturalSize=128,128

[/usr/share/plasma/desktoptheme/default/widgets/glowbar.svgz]
10868041095160115350=22,34,12,12
2924463453282295573=34,34,12,12
6951837821215359998=10,34,12,12
Invalidelements=4078152550
LastModified=1785909196
NaturalSize=56,56

[/usr/share/plasma/desktoptheme/default/widgets/line.svgz]
12876802863592002822=2,0,1,1
5392486951127284750=0,0,1,1
LastModified=1785909196
NaturalSize=3,1

[/usr/share/plasma/desktoptheme/default/widgets/lineedit.svgz]
10623272831115158214=0,25.000000000100002,5,5
10741519038616313826=80,54,0.0010000000474974513,2
10861540933379500932=74,14,6,2
1086460955646290736=75,65,5,5
11048529779899264146=4.999999000000002,145,70.0000039880952,7.0000009999999975
11136634249575567372=75,118.000000451,7,7
11865216779119939238=0,5.000000000044999,5,20.00000000005
11982851114452714911=75,80,5,5
13689429895025322545=4.999995559359406,118.001,70.0000048406406,7
13802243415955396374=0,44.999999999844995,5,20.00000000005
13817978011499280901=75.00000000040001,124.999999450845,7,20.00100000005
13859197740566133928=4.999994477540741,0,69.9999969523904,5
14668263045100084848=4.999994476540738,25.000000000100002,70.00000400000945,5
15155983041694696634=75.0000000011,5.000000000044999,5,20.00000000005
15280017881863392755=40,79.9990005493,2,0.0010000000474974513
15382510909021092562=4,-4,2.0329318046600005,2.07712602615
15417400639024729495=75.00000000099999,40,5,5
15423845316186641064=75.00000000040001,84.99999999984499,5,20.000000000050008
15784859076474339648=8,128,64,13.999991999999992
16134164835312412484=4.999994476540738,105.0000000001,70.00000400000945,5
16140916643673764433=-0.0010000000475,54,0.0010000000475,2
16610708758426591071=-2.000000001000018,118.000000451,7.000000000000028,7
17324022944698190818=75.00000000099999,0,5,5
17773042106460500322=0,65.0000000001,5,5
2174174459923631910=-2.00099992752,134.00100708,2,2
2492766918813207375=8,48,64,14
2600189162183003609=8,88,64,14
2976327235526796036=40,24,2,6
306433545081840170=75,145.0009994506,7.000000000000028,7
3536859906732571850=80,134.00100708,2,2
3538577354020714189=0,0,5,5
3615280590623304132=40,150.00100708,2,2
3655330655343632457=40,70,2,0.0010000000474974513
3843628337030581672=75,25,5,5
4784853733228259879=40,39.9990005493,2,0.0010000000474974513
542397100081211582=40,110,2,0.0010000000474974513
5467608533304537696=40,0,2,6
6044293309994187171=40,118,2,2
6047835951833353835=-2,125.0000000393233,7,20.001001535676707
6075578477974985284=-9.999894245993346e-10,105.0000000001,5,5
6316929210178106031=80,94,0.0010000000474974513,2
6523576076812224921=0,40,5,5
6959726719525338587=-9.999894245993346e-10,80,5,5
7093142018391237142=4.999994476540738,80,70.00000400000945,5
7118070252746218445=75,105,5,5
7157831376240082678=4.999994476540738,65.0000000001,69.9999969523904,5
7283601311108455455=75.0000000011,44.999999999844995,5,20.00000000005
797985993171986941=-2.000000001000018,145.00099945099998,7.000000000000028,7
9087169386112769654=8,8,64,14
9144074178190549879=0,14,6,1.9999999000000006
9312437505160204057=0,-4,2.03293180466,2.07712602615
9315036358107848082=-5.000018177270249e-10,84.99999999984499,5,20.000000000050008
9415202417416874133=-0.0010000000475,94,0.0010000000475,2
9751653922774096086=4.999994477540741,40,69.9999969523904,5
Invalidelements=3498468818,2944858670,1033057764,2117070018,791777033,1535151454,3793110361,1319237405,2611876730,262922197,945020173,2219365725,3279228712,1941501901,4223802226,1240088331,96729242,1846054259,674678833,2185089961,2195747541,2722088239,2613908607,1268319121,162517130,526899284,2515585174,526367245,1246079675,2521402713,526338899,2917191628,1850040590,824027382,62879491,3527863509,4169906901,2407860522,2356729076,198675490,2763678782,487015095,2661850876,3582447142,932626175,2368410596,3866636323
LastModified=1785909196
NaturalSize=80,30

[/usr/share/plasma/desktoptheme/default/widgets/listitem.svgz]
10153912935048890153=34.999964,51.00034522222222,2.000036069150852,1.9999997777777736
12480566104279988951=71.00000000000001,18.38379822222222,2.000036926144631,2.0003447777777765
12835188104725275051=21.999924000000004,51.000000222222226,2.000036069150852,2.0003447777777765
13047242141224830067=58,18.38379822222222,2.000036926144645,2.0003447777777765
14576962630207998527=57.999702222222226,7.3841427,2.0002977777777744,11.0000053
1505067459519845500=-10,-10,2.0329318,2.077126
15121127580947632515=35,53.000345,2.00029688888889,11.000000000000007
16565505762897065221=17,58,6,2
16840512210163032664=34.999964,64.00000022222221,2.000036069150852,1.9999997777777878
16850163568735760430=60,18.384143,11,2
16902893027483784734=70.9997,7.3841577,2.0002968888888972,11.000005300000002
1834181158973601105=24,53.000345,10.999999000000003,11.000000000000007
1862154839475347158=38,58,6,2
3716914464356411826=71.00000000000001,5.383812922222221,2.000036926144631,2.0003447777777783
4851661322131175540=22.000002222222225,53.00033500000001,2.0002977777777744,11
5452530564334271433=57.999623,5.383812922222221,2.000036926144645,2.0003447777777783
6317747042880320466=23.999959999999998,51.000000222222226,11.00126257523478,2.0003447777777765
7098265755007441413=29,67,2,6
7443222508976273974=59.99965999999999,5.383812922222221,11.001528480661094,2.0003447777777783
8726690534374008277=24,64,11,2
8792982253476738752=28,44,2,6
9824864869014249709=21.999964000000002,64.00000022222221,2.000036069150852,1.9999997777777878
9833648288273000863=59.9997,7.3841577,10.999998999999995,11.000005300000002
Invalidelements=4092129324,3191358054,2169568523,3831531462,2499821217,1565829827,1544215044,7666290,2608266361,4255212227,438501772,3299402073,1762937470,1609623576,3928341734,1119431406,2605221540,3333243109,2741496321,3511549172,3196536304,2150134295,2996424412,546744197,2255697036,1351248750,2434237734,274822569,2244577603,3104592862,1889424054,1473653885,2628062961,2936823138,2688738018
LastModified=1785909196
NaturalSize=128,300

[/usr/share/plasma/desktoptheme/default/widgets/margins-highlight.svgz]
11302576751055026934=1,5.012520000000109,4,4
4376378067917340923=10.029290000000003,1,4,4
7719462152335497200=1,1.0125199999999381,4,4
Invalidelements=3719612353,2288752514,1024056523,215720856
LastModified=1785909196
NaturalSize=15,10

[/usr/share/plasma/desktoptheme/default/widgets/monitor.svgz]
10038558234781077811=8,12,8,8
11689040619132346956=68,190.000002,100,58
12833201762495068826=214.000002,50.00190979999999,10,123.9980904
14859598278053954929=23.00000190000003,34.0002504,190.00000319999998,13.999750400523595
16479089891411725442=214,177.9999996033264,10,14.000000396673613
16630740092908054727=23.00000190000003,177.9999968033264,190.00000319999998,14.000000396673585
17725971392229829916=214,34.00024619999999,10,13.999754400461995
17900253824016651538=11,50.00190979999999,10,123.9980904
4091022167502707053=23,50,190,124
4526950531370914873=11,34.00024619999999,10,13.999754400461995
6878555268268223933=11,177.9999996033264,10,14.000000396673613
Invalidelements=1616090744,3313749687,2686796022,599410526,64238979,926313869,3066843546,4090595440,622901927,3069754010,631253860,2411375314
LastModified=1784121357
NaturalSize=256,256

[/usr/share/plasma/desktoptheme/default/widgets/pager.svgz]
10601511777221969669=-14,1.9999998,1,6.999999999999999
12263973904481856489=-13,26,10,7
12982701788046415865=-3,0.99999982,1,1
1364515966210777148=-14,14,1,7
16043250851291402775=-13,33,10,1
16846760120185965244=1.1607215,1.2080072,1.0000000000000002,0.9941440799999999
17015508678536578950=-13,14,10,7
1753090219991009185=-3,25,1,1
17848815425626057514=-14,33,1,1
17911746451674926084=-3,1.9999998,1,6.999999999999999
2791948583039926022=-3,13,1,1
3737628752350929563=-3,26,1,7
3882005645854975692=-3,9,1,1
4365445310935332572=-13,21,10,1
5140859588756862044=-13,13,10,1
611357439734767569=-14,25,1,1
6239397211116725810=-13,0.99999982,10,1
6619982088601106464=-13,9,10,1
6708036048271834591=-13,25,10,1
6756563318774767897=-14,13,1,1
6765763402991296085=-3,33,1,1
6880270875374396784=-3,21,1,1
8409807424426042480=-14,0.99999982,1,1
8517391074811918156=-14,9,1,1
8689896870862137752=-14,21,1,1
9397820453306863812=-13,1.9999998,10,6.999999999999999
9633631334821478800=-14,26,1,7
9966782714547080091=-3,14,1,7
Invalidelements=2289278617,3664639719,1381004201,943064970,1834922356,2805518555,2059782630,2346560495,1305963231,48703699,1919219342,3855239899,630504360,41534924,2827093406,3201270487,734333562,2504472860,2081058464,2239330487,458150605,1469569951,1920976736,1047422786,2267439942,3896309823,231027967,268940472,2447622117,208059989,1256981881,1330676777,4175534104,2820103116,2406781891,122048201,2579178023,3867026962
LastModified=1784121357
NaturalSize=50,50

[/usr/share/plasma/desktoptheme/default/widgets/panel-background.svgz]
10037055484836854671=0,10,6,6
1011344814498054265=20,10,4,4
10134719085065113832=95,16,16,32
10378360544296268234=12,95,8,4
10432124731170092608=38,48,6,6
11465018070942387176=0,48,6,6
11796730797896891766=113,10,6,6
11936464377699438743=63,48,32,16
12048463939729223466=19,75,32,32
12419277024321312598=44,30,1.000000082740371e-08,4
12690713873371101225=39,105,4,8
12897381662316195411=38,16,6,32
13538132199092499371=38,69,4,8
1360247002094473429=119,47.9999785,32.00000800000001,6.000021500000003
13888918852872259909=20,54,4,1.000000082740371e-08
14067260847243206499=95,48,16,16
14768336134699464553=113,16,6,32
15000303802539300154=101,33,10,2
15014202985918514482=119,16,32,32
15069083492973048320=47,48,16,16
16176368932130735918=151,10,6,6
16626775136819599166=20,10,4,9.99999905104687e-09
16710810726850030986=20,50,4,4
17364049538295214786=0,0,5,5
18358042196794214365=47,0,16,16
2267186060291613305=40,30,4,4
2621956338779344128=6,16,32,32
3146553458717917341=113,48,6,6
3265285178136542589=76,54,2,10
3935744583298122313=47,29,10,2
4335286569959422460=151,48,6,6
4838109425483787669=6,10,32,6
4889573217541537824=119,10,31.999989999999997,6.000021
5702586190731803407=0,30,9.9999999e-09,4
6295172770410760412=95,0,16,16
6317133523925150051=47,16,16,32
8041425669061006548=76,0,2,10
8484167900080474343=0,16,6,32
8504140898368127062=63,0,32,16
8624197968282260300=6,48,32,6
8731512735472490660=0,30,4,4
8912097929340886644=38,10,6,6
9300917189368385643=48,95,8,4
9676225871127470906=151,16,6,32
Invalidelements=1013100405,3032711722,3719448788,247020084,3789730786,3216676292,404271818,995699553,3208552160,2998850012,1508856880,3702375419,1847738647,907910878,2252705471,2829066688,334212380,696650826,4251705494,1507364451,3376823146,1480694131,1716522357,3613582955,3975600106,3523864607,3141541303,2850180577,2971765525,946187772,2172043529,676118158,344572212
LastModified=1784121357
NaturalSize=157,64

[/usr/share/plasma/desktoptheme/default/widgets/plasmoidheading.svgz]
11238651874150606878=67,6,32,6
12270832049962809746=61,12,6,32
14218096982425072240=13,6,6,6
14436106470358228629=67,12,32,32
16015211334261906197=61,6,6,6
16584302773662373239=13,44,6,6
17170150156525853343=99,6,6,6
17176266945907596559=-7,-7,5,5
17696938138667275071=61,44,6,6
2886597595199687934=51,12,6,32
2994545609631998121=51,44,6,6
3945582741538218009=51,6,6,6
4820294325217449202=19,12,32,32
606367455664940317=99,12,6,32
7058347823696060219=19,6,32,6
7625379137178705885=67,44,32,6
7706713118462078374=19,44,32,6
9166436006971121584=13,12,6,32
9182933905200846149=99,44,6,6
Invalidelements=2223721136,3993349035,3066588304,593823181,1249540048,4184055717,3466253675,1876506306,2199852290,3168239425,1568472829,1417150419,3916631124,1667182228,1476117652,83490675,1482549862,974583082,748198251,626161636,888353159,2404040767,1264846390,2783553208,2147498785,2627189095,1523420194,2559298270,3866204463,1781499089,1940093600,4243611967,755968302,3483407262,3473369501,1902621405,3754101271,3979082768,2798117155,3821358846,2482275444,3063503859,2071758499,1809894124,825188293,3703373791,937323235,1033617902,2958399026,444516476,2177952750,4205001277
LastModified=1785909196
NaturalSize=173,56

[/usr/share/plasma/desktoptheme/default/widgets/radiobutton.svgz]
1050173946112536876=2,2,16,16
1104559533657295290=2,22,16,16
13531465144773861998=22,22,16,16
16369832785425043679=40,20,20,20
2585269773418778499=39,-2,22,22
6946383291471449275=27,7,6,6
LastModified=1785909196
NaturalSize=60,40

[/usr/share/plasma/desktoptheme/default/widgets/scrollbar.svgz]
1047650772337963768=6,6,3,3
12554529613608227405=-32.8756103516,46.7764358521,2,2
128963516087926651=35,39,3,3
13145202207956997124=39,39,3,3
13180027539166292375=35,31,3,3
13284735291527732527=39,31,3,3
13669559405406425856=17,10,6,3
14187624364472571068=14,14,3,3
14326698327004745571=10,6,3,3
14888276784965600809=0,10,6,3
15738775010895047028=46,-2,2,2
15894155217615694867=39,35,3,3
16258221033711056414=52,4,6,6
16298165010086576389=35,35,3,3
16528834824408203495=10,14,3,3
16571919113454296165=25,35,6,3
16717743144492487020=10,0,3,6
16773477450619013073=42,10,6,3
1710065786454290510=35,25,3,6
17326961605971423772=31,39,3,3
17866676060810668904=35,6,3,3
28580316548374706=39,14,3,3
2860480940788528723=35,42,3,6
298680436389858054=6,10,3,3
3763810534076540522=6,14,3,3
4023631825655844377=31,6,3,3
4534483284995250715=35,0,3,6
4840474411435769882=35,10,3,3
4924589245906978402=35,14,3,3
5165699007238610466=35,17,3,6
6114021293873311063=31,31,3,3
6774464973392859109=42,35,6,3
6807255996596132814=14,6,3,3
7453592999448020007=14,10,3,3
7852993878822560197=31,10,3,3
7910078218032415899=31,35,3,3
8016900480241541290=39,10,3,3
812760223182019406=10,10,3,3
8236762870058150185=10,17,3,6
8421473345233840688=31,14,3,3
9281248285669492862=39,6,3,3
9990719367905320696=25,10,6,3
Invalidelements=3005398499,1053359326,353133851,2669667775,1120783218,3424055866,921431174,192377020,3385753641,3860119183,487665514,2238347100,235560599,3425972279,2812662971,737399464,2988089492,2425880544,3492425338,20385718,392819837,2529705389,1123895510,2595594648,3519888501,2260002318,1561503463,1404077390,1646440631,2674690113,4087084277,3348325807,2491514198,1372625693,3497734251,3487895115,631417089,1489411572,2105365383,2944771375,3792690033,3699105329,2272680269,4216734052,2609431848,4076986760,1441414279,2309808611,716622226,3511271051,3414037664,2163408681,1629997886,3085470331,1333781478,2716342766,1035274198,2206064943,805175447,920251424,2594311556,1685320403,635380598,3172205109,2520860107,3793812792,1499778718,439989788,1284763781,1127522124
LastModified=1785909196
NaturalSize=48,48

[/usr/share/plasma/desktoptheme/default/widgets/slider.svgz]
10211952944000761850=11,7,3,3
1030133851991156082=15,32,3,3
10471536917160935915=40,100.000001,20,19.999999000000003
10822955186294960727=11,32,3,3
11531807200076844223=11,15,3,3
11993506460560450307=15,40,3,3
12176158403836095459=11,36,3,3
12441965040117649537=15,11,3,3
13435050097774391241=7,32,3,3
13676933585824601869=15,36,3,3
14532426970625077496=15,32,3,3
1474487925186181892=15,15,3,3
14924050145701504116=7,15,3,3
15322027316098121974=7,36,3,3
15703231753325105684=95,97,26,26
169771655393118920=15,40,3,3
17547938572713313762=7,7,3,3
18006684986773296897=6.999999999967999,99.99999999956,19.999999999920007,19.999999999919993
18020558223491607427=7,40,3,3
18377403222739207031=11,40,3,3
2309029625661285724=7,32,3,3
2596103742983750267=42,6,20,20
2638869666911755292=11,36,3,3
2965847158728025206=11,11,3,3
3422039016118792831=7,40,3,3
3732658585149368039=7,11,3,3
5323926648170356447=15,36,3,3
5725125154671856039=11,40,3,3
5744420835855886641=66,98,24,24
5886350545998395435=7,36,3,3
5898205536659660717=2.2599621,4.6594176,2.0329318,2.077126
6897721260328652727=2.2599621,4.6594176,2.0329318,2.077126
7322780426718831322=11,32,3,3
9987848417411271136=15,7,3,3
Invalidelements=3993124541,2704270783,2906913735,2261601070,4046672299,1210246729,1900356153,171045698,2796044024,2402169038,1786812141,4034024800,1158158152,1680319818,3398104235,2843585141,164079397,490305661,4255163554,672625568,3610585475,1521453710,537584924,2266779765,1620088162,1853103202,933315459,444540116,94361019,3955579789,970739094,2738765008,804844017,3292303931,2836277766,3741502238,2054537099,200896359,3601838898,3698268595,3990553865,3178628058,4196512739,2021863170,1733054789,385442157,2025946304,2012235464,1559396279,816818916,2721220716,1802035952,4016409661,2188052465,567774488,1397754938,3382882401,1088306786,575215185,102263335,916187506,1077334369,3390168778,1482984273,2904824878,2758814053
LastModified=1785909196
NaturalSize=128,128

[/usr/share/plasma/desktoptheme/default/widgets/switch.svgz]
12188213204348927633=29.999999900000002,0.009999900000001283,7.999999949999999,15.990000199999997
13567551067083330875=1,36,22,22
16838790368217325542=5.9999999000000015,-9.999999850407448e-08,8.00000005,16.000000199999995
1975473359835911398=24,36,22,22
3341044511549663704=52,8,26,26
3345839203187954130=43.00000015,0.009999900000002171,7.999999949999996,15.990000199999995
34848851720100019=14,-9.999999850407448e-08,5,16.000000199999995
3631465343233389464=38,0.009999900000001283,5,15.990000199999997
6041887592501804932=70.3846155,33.38461469999999,28.000000599999993,28.0000006
88233005719090055=7,18,38,16
9201074312283624274=19.000000149999998,-9.999999761589606e-08,7.999999949999999,16.000000199999995
98079537316118356=0,7.0100002,4,4
Invalidelements=953763452,3665511490,3708586749,318215217,2248137846,4086645605,4291139,4129116943,2766110272,1760768989,842252863,621636364,2972222019,410357519,584678488,636547978,1360763222,3853094998,3681807670,1039747472,2487589466,27459589,3104391500,664968750,2060884929,298918051,713021382,1990876448,818853832,1271281668,552746400,3876797769,1109388337,695442909,604797019,204207306,2405811322,4057971699,601867965,296291885,2895029811,4002219412,354255183,3692315263,1370404925,488589187,235439933,1063588937,684324037,1563641904,1788006267,4026901336
LastModified=1785909196
NaturalSize=51,59

[/usr/share/plasma/desktoptheme/default/widgets/tabbar.svgz]
10309707172838174090=283,210.36218,80,4
10463813533755391341=266,434.36215,10,12
12172379692806375390=313.758758545,210.362182617,5,10
12548040120707492556=283,227.36217000000002,80,3
13038387699919939288=320.241241455,446.3621521,5,10
13078541202954672970=360,437.36215,6,5
15077543024124277376=363,210.36218,10,4
16131901747330059905=276.00001,431.36216,80,3
17123387135825864943=273,210.36218,10,4
17292064203631113783=356,434.36215,10,12
17546137622223929450=367,218.36218,6,5
17654382388123094760=273,227.36217000000002,10,3.0000051999999755
18094783556195102806=276,446.36215,80,4
2249233268999134607=356,431.36216,10.000009999999975,3.0000051999999755
4396358163506964674=-233.82362,467.12659,41.362885000000006,41.12067000000002
4640226801545751040=273,218.36218,6,5
4789869312628870348=266,446.36215,10,4
5498308295276512421=356,446.36215,10,4
5965957128222364659=313.758758545,220.362182617,5,10
6180165754504394342=273,214.36218,10,12
6627411976283325269=276,434.36215,80,12
6645283919187704678=283,214.362182617,80,20
6696071600009805067=320.241241455,431.3621521,5,10
6792593862919921078=266,437.36215,6,5
7627800471866775015=266.00001,431.36216,10,3.0000051999999755
8739331570748480498=363,214.36218,10,12
8829425085213866789=363,227.36218,10,3.000005200000004
Invalidelements=834763640,1824518485,3966182730,691095076,4156519879,538116704,2337221365,1703930347,929012727,3634102888,3844951661,667095645,954987772,3986550374,739983570,3834843500,2996560136,3506599284,2208049416,2424299644,389549469,1072896488,1486661447,3457000910,800261526,640803701,4105610876,1152950924,1007343718,3279058940,275711073,19240512,2938126245,3071575919,83381914,1493449609,3183728429,3609213981,4162287233,399409935,757323121,2516103764,3916377451,1673233658,1300858199,1273415074,538612585,3238427702,605741985,2092481178,2665874027,808176760,2334238563,2363097893,4010300151,1959013558,2079840647,158324824,4258616593,1358356140,4194243643,3148105188,4269987503,967940345,807190403,3227358324
LastModified=1785909196
NaturalSize=744,1052

[/usr/share/plasma/desktoptheme/default/widgets/tasks.svgz]
10187788455814016278=37,87.999993,4,13
10668969164383314163=41,1,26,3
10863099499792175585=37,1,4,3
11847940540099922060=41,42.999998000000005,26,3
11876416775334226152=67,45.999998000000005,4,13
12654197656660726547=67,63.999994,4,3
13024438298709626517=41,79.999993,26,3
13047672638860371406=41,37.999998,26,3
13088727940671978613=40.9999998,66.99999399999999,25.999999920000008,13.000000000000014
1356697781272588785=37,66.999993,4,13
13979176328332941111=37,24.999997999999998,4,13
14342751694294413403=40.9999998,25,25.999999920000008,13
15657837247358367554=67,17,4,3
16091942763318469080=67,38,4,2.9999990000000025
16537587048910276106=37,84.99999,4,3
16727164681823029850=40.9999998,45.999998,25.999999920000008,13
16894868049773820639=67,101,4,2.999994000000001
17391001289156761800=37,4,4,13
17884015632911896535=37,45.999997,4,13
17922845259611763088=41,17,26,3
18208323775847571852=41,21.999997999999998,26,3
1886412889664660344=67,21.999999000000003,4,3
1928768018797171441=37,58.999998,4,3
2090268915115201152=37,101,4,2.999994000000001
2222894246051336198=67,1,4,3
2814800220760370720=37,17,4,3
4006298789876937254=37.000001,38,4,2.9999990000000025
4031545318393975262=37,42.999998,4,3
4298828430349372892=41,84.99999,26,3
5321430282671857934=67,4,4,13
5594886916600821062=67,66.999998,4,13
5644329848035151068=67,84.99999,4,3
5745341138625515113=40.9999998,4,25.999999920000008,13
5973580576232218116=41,63.999994,26,3
6555588083227094865=67,24.999999000000003,4,13
6575768369680538283=37,63.999994,4,3
68515038084353871=41,58.999997,26,3
7296127165892296253=67,88,4,13
7865237350451365180=67,58.999998000000005,4,3
8281074954414675032=37,21.999997999999998,4,3
8452234675521767699=37,80,4,2.999994000000001
846746888502259175=67,80,4,2.999994000000001
8642818085686467022=40.9999998,88,25.999999920000008,13
9069227498967653975=67,42.999998000000005,4,3
9639791104841492175=41,100.999993,26,3
9901632540046090466=155.99999540000002,110.00000024444181,10.999999799999955,10.99999980000517
Invalidelements=3571837784,5051974,3574999679,4058210917,1039920463,3569945976,2648865962,2494334398,69155580,784297059,738030174,3622467890,771890097,2453552710,36812887,2350706271,1490643146,1340429856,3835637243,4137499743,3298169564,1372531551,2594572452,484318617,510904688,3093688457,1351002862,1415388797,1494678891,2460478055,4050857455,1263266338,4071084492,2272700802,853805259,3660829947,2620812321,2554975847,547169933,2947112016,2660446757,2094927901,1685551853,2091317968,3644383253,2400807653,3132790147,944298570,2211379434,1289656415,117630941,2089602942,1028542252,2315743606,164203122,2736780927,1820741537,2394559135,3809218556,1039741738,2910979071,139983767,2680651065,599246112,177335277,3614108697,3224844118,2262308418,3855777605,2924239878,270678172,2535182895,1837429990,1218624185,196120303,54091240,2062728042,924747417,1896227247,2091748466,1759218123,2454797437,1671989327,4245648005,2255613735,2137331599,981287975,3975525311,1604383351,968003402,2881559224,3893065867,3659227508,1227562141,3772082525,3243229679,370610531,3233681335,2181138959,3684185040,2846849174,2132206819,4153311205,1205123597,2258102063,4145156695,620440633,3874161943,2776774044,3837456508,1270080675,4170411308,202670828,3431586240,401984,3757384078,1311239214,440486709,1003752581,2766448551,824068196,1343131487,932395587,2679503998,1855441356,3461705471,500083116,1956540349,966522586,4104724374,1992813481,590386452,2486776208,3316903050,1449433489,3761553511,3463294033,2981566986,2848092328,1945895707,935455729,602597846,704324302,4099346832,2364856151,414456185,3167579572,2821143149,4149541774,3276313073,3640908114,1093134387,1021515969,3558567988,3524671121,2914720880,1611258272,3419798578,201885968,2673442603,2163813704,4019647482,2235523641,2289343967,3702032584,435475461,2209157237,2808789578,3145134811,151578278,3027107681,368292576,2348053693,2131782024,1728177540,3870272161,1458411778,2294863996,4037279052,1376558912,1015004414,1308878041,1464729368,91582007,29989247,321568944,834280714,3205299170,1542986572,3539195969,975728590,3552926162,3792748792,4277296503,4261638027,4048980118,2884846769,2253922270,2270677820,2175819718,2196402920,4053221162,2687078060,1969887037,514997608,1221688610,1214274835,904292240,2662371893,1077821333
LastModified=1785909196
NaturalSize=144,126

[/usr/share/plasma/desktoptheme/default/widgets/tooltip.svgz]
10007948721589310655=113,16,6,32
10113368300575475732=20,54,4,1.000000082740371e-08
10425918731127281966=63,0,32,16
12468935600941494807=76,0,2,10
1318403833204544246=113,10,6,6
13228702249737813783=20,10,4,4
13473606557269588817=47,0,16,16
13799010907121754070=151,48,6,6
14712492182522875076=40,30,4,4
15903463059393643908=6,10,32,6
16332361364354963580=38,16,6,32
16762682053270816157=119,47.9999785,32.00000800000001,6.000021500000003
16933266922691817177=0,30,4,4
18027539683776887351=0,16,6,32
2124250655727729473=20,10,4,9.99999905104687e-09
2355172077273017782=151,10,6,6
2382221848998791892=95,48,16,16
2567611315235029726=6,48,32,6
2613066811614655259=20,50,4,4
3272029749427110737=63,48,32,16
3393455994863233727=47,29,10,2
3987112407846040074=95,16,16,32
4671932655453620211=47,16,16,32
4931357997878628815=151,16,6,32
5126604980723331798=113,48,6,6
5289831503402404853=76,54,2,10
555387865279904623=0,0,5,5
5874300778063117452=119,10,31.999989999999997,6.000021
7123526520113783436=119,16,32,32
732517563788319041=44,30,1.000000082740371e-08,4
8018589956843875342=0,30,9.9999999e-09,4
8165884080876636757=101,33,10,2
9057105589288666005=95,0,16,16
974580424483291784=47,48,16,16
Invalidelements=4165391188,2035565913,3645884922,843492630,1189951902,1845178517,1727914517,741986225,2162668546,1930267320,2590516828,3739765255,470728090,2186237114,1475721441
LastModified=1784121357
NaturalSize=157,64

[/usr/share/plasma/desktoptheme/default/widgets/translucentbackground.svgz]
11485861349595042029=51,5.999969999999962,6,6
12355284212963428037=19.000000200000002,25.999969999999962,6.000003799999998,4
13630861334542443710=50.999985,11.999969999999962,5.999999500000001,32
13719425472543295181=13,5.999969999999962,6,6
14171475082701413608=18.999985000000002,43.99996999999996,32,6
1456941753045890031=0,-3.000000003794412e-05,5,5
15015916639139102662=33,49.99996999999996,4,9.999999974752427e-07
16521103428526516063=19.000004,11.999969999999962,32,32
17168613303887515936=13.0000045,11.999969999999962,5.999999500000001,32
1779621696688344394=13.000003000000001,25.999969999999962,9.999999992515995e-07,4
2755450899322744789=18.999985000000002,5.999969999999962,32,6
3715463447998164947=62.999999,25.999969999999962,9.999999974752427e-07,4
4943529424185093162=33,11.999969999999962,4,6.000024800000006
5652705233620135660=44.9999847,25.999969999999962,6.000015300000001,4
7257807846647950938=13,43.99996999999996,6,6
9229696245317215976=51,43.99996999999996,6,6
9741291110880408634=33,-3.000000003794412e-05,4,9.999999974752427e-07
9789506857931022806=33,37.99996999999996,4,5.999975199999994
Invalidelements=1318476070,1383412983,3394038631,1646950450
LastModified=1784121357
NaturalSize=121,56

[/usr/share/plasma/desktoptheme/default/widgets/viewitem.svgz]
10912492561494828213=173.9999986236735,61.99999996715178,4.999998041428626,5.000002084864207
11632996001968624674=46,94,46,46
11746038457693273483=146,94.00001201887494,5,45.999990064574945
12455779976877281729=92.00000000000006,94.00000131506101,5,46.000016066661146
12993275031186934023=146,89,5,5
14732267760286130302=41,140,5,5
15175008656373520948=122.99998900407996,61.999996858628776,4.999999828570566,5.000000399871965
15734747483468673340=197,93.99999131477182,5.000009999999975,46.000016066661146
16138725270682936525=197,89,5,5
16207973997350457943=41,93.99999217607524,5,46.00002007439991
16533108620215600094=174.00000239122448,11.000028081746962,4.9999999875000185,4.9998939653550565
18239927693197468692=128,16,46,46
1888154947170281222=122.99998900407996,16.0000071204002,4.999999828570566,45.99999906752248
2514075239064581100=127.999999970142,11.000028081746962,45.99999843089921,5.00000025164195
286555035632505783=49.928560000000004,-90.32326999999998,40,40
2939086666918464409=122.99998900407996,11.000001567431184,4.999999828570566,5.000000249922209
3291906210247586306=46.000001134563206,139.9999999999999,46.00000051134879,5
4423473330871610907=127.99999835589202,62.000001838628805,46.000000511348816,5.000000399871965
5015254212496795228=92,140,5,5
5093755763066470058=146,139.9999999999999,5,4.999999999999886
6004526920379155330=197,139.99999999999977,4.999999999999943,5.000000000000114
6429919298997400734=46.00000085385358,89,46.021998799519196,5
6556413157868184812=173.99998095216088,16.00006545878415,4.999999917600604,45.99999666264239
746721674411742697=151,94,46,46
7643432475919150556=151.0000001345632,140.0000000000001,46.00000051134879,5
7774526116898513618=151.00000063220241,89,45.999993179808,5
8259377489042839184=92.00000000000006,89,5,5
8779324966698984235=41,89,5,5
Invalidelements=4013958284,3574830497,632458656,3128463665,887407821,1873238153,4191433157,1295797768,2613171619,3041102132,2534212182,2987840323,3932715489,2747555728,2364795913,4264805941,3512764046,151584206,3047747764,421424841,2817603883,3954453256,1862002817,4217146556,2970371830,3818816046,2038088752,1471213446,800083844,317667170,2599792031,3194494469,1178447290,4234160797,1881656487,2581100861,1592049915,3682340637,2892602792,3121305020,3605022672,3574075608,2382314430,884475088,3123177364,3837113091,727979292,174037419,4050647069,3871646268,2409643024,2207816905,2639637099,806978576,3950170260,633596686,3076252568,1106884988,3072305724,644210870,1756268602,298682559,3549540507,3448441455,163547316,2245823361,1091774659,1645004167,3896761651,136812067,3762860990,438104689,3897373752,2968564175,1039913362,3472655316,1645768417,1589357222,1196947732,3507417267,3612457644,631559536,3404283235,930374610,1772622140,1117729574,1425706331,2034295427,2927256030,2914617017,3798743665,2344372941,1740636687,796245902,1070998915,1828714091,2496924715,2695113119,420844486,2314006475,1028818231,2323733161
LastModified=1785909196
NaturalSize=257,161
